0.000524475963457,7.78681897302947E-05,0.000613356818571,0.000143848194564,0.000661778173878
0.00010735843407,0.000129858195287,0.002651722144291,0.000686673018272,9.69859984078825E-05
8.76288617266558E-05,0.000177359640297,0.00047437909626,0.000174115637749,0.000435943609958
0.000430765587047,0.002627449549934,1.11630099794142E-05,0.001119601757018,0.001021603431508
0.003341291535298,0,0.021514923830948,3.25908846834797E-05,0.004302195070533
0.000193105607242,0.002762874752566,3.40299657454478E-06,0.003238264478991,0.000206831139383
0.000236219063238,0.00071792068559,0.000903335359638,0.000110271577331,0.000448031166647
0.000206608588476,0.000841733166715,2.84975275343515E-05,0.000502852077685,0.000312648215507
0.00020049751268,0.00123517148731,0.000314095833649,0.000184144100446,0.000641464377996
0.001123496325724,0.000572076361923,0.000447120178178,0.00113585787802,0.000309546913562
0.000546204141995,0.000972022947752,0.001254091129693,0.000922408983301,3.90908386988461E-05
0.001070527620114,3.08365543836439E-05,0.004592379715471,0.001503476160478,5.01191015050849E-05
0.002586561274047,1.96911008612273E-05,2.56428438380825E-06,0.011909922329309,1.53164351552399E-06
0.000565785627681,0.000348818385901,0.000142051362406,0.000110586073048,0.000224693322453
0.000312561337907,8.51762079718132E-05,0.000301113358953,0.000844627809304,0.001450005111179
0.000272533350157,0.000455912856206,0.00021670057623,9.49050699440395E-05,0.000496055928742
0.000567962746387,0.000107821443445,9.88979697493488E-05,0.000325747872316,0.000324540645812
0.000527019978888,0.000524726701078,0.001727837372029,7.80879970983639E-05,0.000350675754276
0.001436393823464,0.001604644097317,0.000296370532038,6.600979313085E-05,1.17365016959928E-05
0.001028692576979,6.90131749851712E-05,0.001740469500915,0.001245156293347,7.42798605528263E-05
3.22495564264147E-05,0.000805819696593,0.001096355369722,4.06964074599024E-05,0.001016142874382
0.001253753531333,0.000952409285508,0.000928051247782,0.000465389301595,2.67612577505425E-05
9.28552531004377E-05,0.000328759116191,0.000493816098731,0.000302835146316,0.000441773154351
0.000532684721137,0.002556222514363,5.01244144499781E-06,0.001025735189678,0.000395327831928
0.00075090482194,0.00015527235579,0.000220447161208,6.7544247525123E-05,0.000630113864808
0.000175691205501,0.0001660954274,0.000699152538549,0.000212923213525,0.000644044471741
0.000294944794807,0.000178546671019,0.000210292556087,0.000243144988799,0.000580367721198
0.000271630607682,0.001369692782675,2.60075126025788E-05,9.44558819163625E-05,0.001044680964819
0.001586306535451,0.001678558716042,7.68684488055033E-05,0.000206090804741,7.65752602671656E-06
7.81847681726352E-05,0.000445732481965,0.000393230819162,8.87476796354118E-05,0.000505936490282
0.000116374081366,0.000157552855804,0.001378819642277,0.000331323248169,6.33284828428098E-05
0.000293827123085,0.000601192434463,0.000140031377834,9.24797889248429E-05,0.000320717614275
0.000382547720295,0.000458670857708,0.000910013731481,4.09526238726061E-05,8.52012901573668E-05
0.000562163561362,0.00031330305529,0.00036421699902,0.000167416438383,6.553443011302E-05
5.15234656171001E-05,7.57586320798624E-05,0.000370627450758,0.000276865164274,0.002300596148749
0.000251939556821,0.000213312516149,0.000444201196098,0.000538888052552,0.000137877107783
0.000525475737794,0.000302731708646,0.000775477804148,0.000297503929671,0.000249732071946
0.000552860201237,0.000670571829685,4.37749903682218E-05,0.000706946738608,0.000338612089025
0.000458136997107,0.00014088324648,0.000386982556847,0.000165142608356,0.000504875045486
0.000201646789233,0.000159778455781,0.0005481331201,0.000205691129549,8.54786518366757E-05
0.000355601248126,8.78099905934684E-05,0.000300301554206,0.001042590724337,0.000415930827443
0.000480131035192,0.000297031194427,0.000181798909363,0.000270404169524,0.000420860637875
0.000131643717999,0.00013251550452,0.001041189644544,7.80095364176684E-05,0.000129831029771
0.009108441423655,0.000289438835269,0.000108447070846,0.001861679377753,0.000258735284527
0.006137544326844,0.000190416295749,0.001340887783373,2.35797103405408E-05,0.004227730235091
0.000107639692168,0.000101914381136,0.000138765245968,0.001658603551767,0.000186361768577
0.000378932869181,0.003160038805451,0.000181691085995,3.41997052350293E-07,3.06958840287354E-05
0.000509949091324,0.000531398956554,0.000227872959316,0.000150137236415,0.000296881727032
0.000210357267297,0.000345943359158,0.000431588019537,0.000355732840069,0.000172734147031
0.000297801983421,4.99900263034087E-05,0.000254879056931,0.000301338052291,0.000608010749502
0.000118318660011,8.80194327790483E-05,0.004516685554559,0.004349097042483,0.003640822279762
0.001941987471044,0.000646818893391,0.000208060127938,4.41983307843554E-05,0.00048815637787
5.60141243955772E-05,0.000612834686402,0.000964932513579,0.000562514681552,0.000771459077954
0.000447212687491,0.000101035621515,0.000196062173167,7.37048505733875E-05,0.000491259257072
3.9867607976507E-05,0.000195074279897,3.97452631626085E-05,0.000770857535128,0.00023503409219
0.000320047914399,0.000197555693535,0.000598606197964,0.000669584504442,0.000101631628008
0.000144337680946,0.000165387426714,0.000301427479103,0.000380910726616,0.000756005722353
0.000504632996863,0.000783312874098,0.000682656833908,9.99049421400363E-05,8.19892771180168E-05
0.000806460860804,0.000718962836091,0.000120983470922,0.000407601077441,0.000555248921553
0.00145443927917,0.000111632260466,0.000682915081573,0.000748678668007,7.28680350485736E-05
0.000617380447353,0.000242403059261,0.00017365702903,0.000151692386279,0.001014545094452
9.63059394262645E-05,0.000169826475093,0.000663681499417,0.000493493182943,0.000413139597135
0.000145850994346,0.000699204823138,0.000351024440368,0.000489995938694,0.000426302008238
0.000388126132218,0.000644117632454,5.48021087007659E-05,0.000502594002081,0.000183901693847
0.000109613715703,0.000221046926009,0.000304221240579,0.00180160813548,5.38040942680914E-05
5.27924194514067E-05,0.000959184384124,7.70668199747144E-05,0.002300714343708,0.001598018940368
0.000338044523516,0.000100416847668,0.000254506761995,0.001077736734444,0.000333185739321
0.000868278056144,0.000292756650288,0.000228974067204,0.000138970862618,0.00042193555177
0.004034253982891,0.002767048781403,3.04077069832549E-05,2.78201024640993E-06,0.002865989704912
0.001776677544616,0.002195987102665,7.70817622142643E-05,0.0001887941861,7.3927893946645E-05
0.000344521575056,0.000790638726676,2.40698349462109E-05,0.001131209542467,0.000687284600585
0.000861461360047,0.000887205696314,0.000824013682485,0.000132702432205,0.000225363978326
0.000435240113441,0.000398936545899,0.000125213596941,0.00041577796207,0.000454174104685
0.000289299995646,3.48029172569541E-05,0.000934029117521,0.000314345104239,0.00027526092022
0.000900166860494,0.000359544957336,0.001193189900064,0.000152684466847,7.14019571901869E-05
0.001036475684362,8.98948550294894E-05,4.84281762367512E-05,0.000857718657333,0.00101572619943
0.00046506831684,0.000205884068337,0.000813236830467,0.000406415099937,0.000145850403003
0.000544268765993,0.00066398087045,0.000122551009237,0.00038533656959,0.001212453755972
0.000257721880121,0.00014250957403,0.000535961627606,0.000445832214046,0.00044788449418
0.001194857241934,4.76079265860829E-05,0.00017936995068,0.000337059699065,0.000170841415935
0.000945011406952,0.000353592885256,8.71234617734745E-05,0.000180633614303,5.19076910930643E-05
0.000639576481173,0.000392840001994,0.000227109326646,0.000789008400808,8.19237652767516E-05
0.001039683526142,0.000213742958679,0.000365262534873,0.001003802877657,7.62286242537087E-05
0.000162116440623,0.000260314661548,0.00086757178052,0.000296101096094,0.000617996105586
0.000231386147027,0.000108551422526,0.00057095004118,0.000677881962065,3.79668455424578E-05
0.002532602363714,1.63303342081871E-05,5.60970795411894E-06,5.36975111130664E-05,8.66039673397437E-05
4.17893455224991E-05,0.000672730236852,3.49151461617215E-05,0.000684569060684,0.000301847960227
0.000180257086473,0.000167222436798,0.000221905083744,0.000245128285375,0.000270871290572
0.000490890234458,0.000292403198116,0.000322306880275,0.000344186038509,0.000161565456171
0.002010935757501,5.19590867378655E-05,2.87835341779297E-05,0.000133456147139,0.001745500468838
4.12681931507965E-05,0.000577952086728,0.000213230226166,0.000419306659951,0.000430112540168
0.000341552405917,0.001571316682178,0.000206991781948,2.52146455925118E-05,4.07939162055489E-05
0.000265403426367,0.000383703962542,0.000252187416419,0.000383824225139,9.12967122189677E-05
0.000767255735057,0.00020968403356,0.000516884632361,0.000403645950996,0.000278858565364
0.000433243664596,0.000206482843147,6.61970299268572E-05,0.000189634205248,0.000292105086871
6.01117069189062E-06,0.000252597721612,0.000986122272374,0.001569956555662,0.000368441863261
9.99700708211563E-05,0.000158176588718,0.001219770657441,0.001828220891512,0.000749843525701
0.000280101359877,0.000215462972275,0.000179018892367,0.000446305617688,0.000454778356993
7.64334402198775E-05,0.000238253912032,0.000284664760622,0.001124792527116,0.000440080657799
0.000419685587068,0.000882871013742,8.51888197486546E-05,0.00044867441597,7.36405483456377E-05
0.001333445830929,0.000976417956721,0.000104523987837,0.000487854473524,0.000172464694703
0.000114232343739,0.000508935375756,0.000277344649135,0.000834924889663,0.000612194741834
2.57415656748484E-05,0.000395845146949,6.97125950603813E-05,0.000645382300871,0.001318950672851
0.001942584655172,0.000389818277201,0.00174691609906,0.000961836631381,0.000470268039039
5.23198932683529E-05,0.000429124064777,0.000930774603617,0.000137433084036,0.001390740519407
7.06224461393784E-05,0.000738064950728,0.000267133215282,7.82331711803767E-06,0.001987916056705
0.00035302359054,0.001194196230009,0.000873701495143,5.71221270063393E-05,0.001601684906196
0.000162852066437,9.74125181935534E-05,0.000448546005574,0.000688242757693,0.000600682289961
0.000480491486779,0.000331315069971,0.00016412172046,0.000259951415727,2.46893213590163E-05
8.61934221497326E-05,0.00010603717224,0.000413093250415,0.000307456081848,0.000185906486728
0.000856231197244,0.000275931817358,0.000880974771194,3.454034103772E-05,0.000282884830574
0.000142620534612,0.000253629379038,0.000124198410778,0.0001389361244,0.00095967662107
0.042244858203316,0.036167313083028,2.08322291281192E-05,6.59608059092103E-08,0.00192795101671
0.000324858471735,0.001056305635074,0.000167697751406,0.000569129479696,0.000212552326188
0.000273154576333,0.000316015203302,9.46689472237966E-05,0.000295267600807,9.1866034277078E-05
0.000894284726585,0.000465105990095,1.18836676373034E-05,0.000843041445675,0.000103222743009
0.000418412583972,0.000139098268191,8.24239127810513E-05,0.000152261855889,0.00041685421619
3.39143795179538E-05,0.000160248455685,0.000869806427994,0.000252516604056,0.001618550239683
8.71188216444076E-05,0.001195687598771,0.00032633412969,0.000468456291417,0.000134922254957
0.000660952439103,0.000217280899818,0.000165337287406,8.84653275837291E-05,0.000151718910528
0.000338312986411,7.58499334244739E-05,0.000821968304904,0.000632894774753,0.000529882734431
0.015151083502283,0.011186701517584,0.001496234922612,1.0650305293135E-06,9.93645774747882E-05
0.000513707746402,0.000371405294685,0.000289269197718,0.000500922696228,0.000351387218752
0.00070650267623,5.4343363751733E-05,0.000473403240777,0.00017571841652,0.000206050185394
0.000482313355818,0.000378049902987,1.38100087350222E-05,0.001794695738501,0.000982571529058
0.000419103686069,0.001371434974058,0.000261483761991,6.6357888821528E-05,0.001121462580919
0.002624901370189,0.000142848729123,0.000133445742256,0.001235192542241,0.000694216815843
0.001229973089324,0.00111015874888,0.000902542404787,0.000543667180647,0.000667965591874
0.000553769505215,0.000624187311301,0.00029840459527,4.65889541798598E-05,0.000445073628356
0.000377933365401,0.000348665207394,0.000548533463755,0.00011285725397,0.000377286220318
0.000396475797096,0.000417418234369,4.14427995655244E-05,0.000310530847796,0.00120153565085
6.6377521994713E-06,0.000231477156043,0.000140927070119,0.001642738674947,0.00098734727604
6.60000127748151E-05,0.000430694740923,0.001236110463878,0.000123179313425,0.000858628905281
0.000958897253015,0.000131403493494,8.55831661889913E-05,0.000967573856208,4.15640540597507E-05
0.000936581409188,5.47636310331877E-06,0.000714782635352,0.000918594605372,0.001435854403265
0.000339834287456,7.18168939781294E-05,0.000110065612943,0.001012465926008,8.36901037675541E-05
1.60335023739585E-05,0.001028633816157,0.000336403629716,0.001892242523537,0.000705452657547
0.000331633980347,0.000159095589316,0.000295154794798,0.000430388082912,0.001184951211264
0.000116687179595,0.00213011199704,0.004314609408725,0.002268610309107,0.000132027664624
0.000221582057367,2.02338258833959E-05,1.67241972098779E-05,0.003123708751202,0.002695391068969
0.000359918981073,0.001293605840245,1.55138675454321E-05,0.000522532582109,0.00147518225377
0.000401817070712,0.000788074769939,0.000238990588834,8.96720475072556E-05,0.000483180903445
0.006988628046531,0.000801983315387,0.0034559148705,0.00033644905882,3.54880761981313E-06
0.002058907773577,7.71159042941606E-07,0.002055106173168,0.010394966817762,0.002631863083235
3.11359300043288E-05,0.001765028969254,8.25556298229661E-06,0.002980393098248,0.001112563189076
0.000156490534503,0.000675475990507,0.000623522756221,0.000140307779188,0.000361490952356
0.000905450777406,0.000203052499122,0.000608715854342,6.01424599096651E-05,7.60351718455131E-05
0.000158401001339,0.00037194003573,0.000351698692613,0.000138228791903,0.00035602470367
0.00033597036901,0.000559411408083,1.8875392889085E-05,0.000172327297211,0.001513819367949
8.29452414762464E-05,0.000156850627698,0.000738901168224,0.000231247731322,0.000224997153258
0.002045203046314,6.04738758870519E-06,0.009692034596259,2.69628520515814E-05,0.000275327091463
0.000177756539665,0.000526830662667,0.000462520412702,0.000215784743815,0.000398556774374
0.000397401831901,0.000293196403343,4.79574743851077E-05,0.000804574212938,0.00048251294214
0.000394052958232,0.000416040951128,0.000158796972647,0.000267589031663,0.000918033986537
3.58218366813098E-05,0.000198114270617,0.000698290450128,0.002294258284877,0.002007340408009
0.000426056018486,0.000362475531253,9.24642168543009E-05,4.41062292473036E-05,0.000864481887486
0.000887950862162,0.000398051519764,0.0003509914203,3.9708371908406E-05,0.000274856876906
0.00023256028814,0.000849709936615,0.000338291402143,0.000276326810559,0.00068893522494
0.00034897229059,0.000875211867477,0.002444179694692,0.000430055464123,5.20665498410106E-06
0.000891843762378,0.000312021333859,0.000150078874913,0.000209305645351,0.001161620962955
0.000190978400936,0.002239991864445,0.000473506849288,0.001839675044122,6.9711230873656E-05
7.60962239839669E-05,9.35232477354311E-05,0.000379966262369,8.64973540254049E-05,0.001761150079625
0.000208772212392,0.000203096065625,0.000657426099747,0.000383239546473,4.80965196353949E-05
0.000194388587319,0.000215507168939,0.000541945538505,0.000315109520523,8.49227657554593E-05
0.000144161603041,0.000206493829869,0.000106316129902,0.000183868913604,0.000552435531273
0.000266460892236,0.000233814968333,7.09207759432223E-05,0.000180543604836,0.000545990165971
0.000180425968564,0.000654516058664,0.001829551083288,5.36510021165818E-05,9.25630243780458E-05
0.000371964390711,0.000114738535346,0.000376845548429,0.00048794652486,0.000336428385492
0.000226034889152,0.00039320437253,0.000848696272536,0.000350063279462,0.000240159551505
0.000411341090484,0.000872156804802,0.00038487921634,8.74790974094512E-05,0.000181693894622
0.00222833236392,0.000416541304802,0.000154151969478,0.000490081472148,9.44613159877955E-05
4.41955347859104E-05,0.000754799235054,0.000692145845202,0.000351060917814,0.000379035844311
0.000178429045155,0.000462270942607,8.95582354044128E-05,0.000200997130025,8.50877659408359E-05
0.000380104020906,0.000278163470136,0.000120929238977,0.00035832016418,0.000514797176229
0.000289655339654,0.000172321016747,0.000152845898423,0.000271264182057,0.000348041897794
0.00055822775531,0.000170535970558,7.82552778665408E-05,0.00064875388748,0.000646994139989
0.000936964431784,0.000327742691265,0.000261453743632,0.001431491658864,0.000522260237597
3.68604299555213E-05,0.000114010242444,0.000253144733703,0.000912810153101,0.000458206945792
0.000453370665833,0.000489641293598,0.000212822526888,0.000257818346549,0.000200925197387
0.000134329268346,7.7560081696342E-05,0.000190879221961,0.00026259454843,0.000583697842653
0.000249672463559,0.000970036686415,4.94646185368741E-05,0.000537219600634,0.000446260278309
0.000696844825638,0.000509011086759,3.83511383766965E-05,0.000211540475852,0.000237671335164
0.00058526167217,0.000427298214892,9.96072415162763E-05,0.000454783031039,0.000202723009904
0.000760923335895,9.43732504787018E-05,0.000107437416776,0.000645526457998,0.000136809250613
1.83715977415784E-05,0.000793206977177,0.000289259849028,1.10689627250826E-05,0.002199437597125
0.00024654229169,0.000483398005345,0.000123160833733,7.55316501212054E-05,0.000177301344329
6.29878939142291E-05,0.006108101225064,1.98651171761631E-05,0.012853567689367,0.004167937010585
5.47666007031415E-05,0.000693856882893,0.000303791396056,0.000913896078731,0.00016730433447
0.001310807807226,4.02117666294946E-05,0.000358923255477,0.000829833266709,0.000127172993251
8.27565441591782E-05,0.000695345847154,0.00044104201683,0.000414138687218,7.53626063803888E-05
0.000402546191035,0.000448987952303,0.000467271550788,0.00067184605966,6.9593474124507E-05
3.70854558501231E-05,0.000318196177208,0.000219173008805,0.000379914333468,0.000249699634771
0.000111092408433,6.80879797276633E-05,0.000521814286598,7.2887578172565E-05,0.000792738008315
8.83595025218338E-05,0.000449930236052,0.000162854329771,0.000196814607249,0.000311048964888
0.00013849274924,0.000312854968399,0.000553424903979,0.000521799294405,0.000354841085368
0.000307474161327,0.001006754834514,0.000159962885859,8.73260305047759E-05,0.000556766911347
9.64992943282011E-05,0.00054549523854,8.31226071745463E-05,0.000104086815671,0.003876589063757
0.00046771439625,0.000307542447952,0.000168955682124,0.000429221128081,0.001126027137218
0.000438301311247,0.000355455991212,6.44466751764664E-05,0.000281045507264,0.000176400772781
0.000321994687273,0.000602541303188,0.000256860868929,0.000775226774972,5.0456507182902E-05
0.00030995472631,0.000912934738319,0.000748385363507,0.00053110433139,0.000441187008918
0.001577384879184,3.70096142080653E-05,0.000341165677039,2.86597016153695E-05,0.001155378400043
0.000176152925046,0.000171232794265,0.001159725558659,0.000294278051251,0.000171614763035
0.000230459347179,0.000627061892052,0.000276777871603,6.23528320401653E-06,0.00070430355137
0.000330797712816,0.000305879679459,0.000302304155605,0.000760742267418,0.000241485619034
0.000158346232898,8.13593521698994E-05,0.000593159716476,0.000170034781903,0.000120780748019
0.000382222711734,0.000294832895981,2.79727270276988E-05,0.000440203452018,0.000785286248011
7.9542131478103E-05,2.22080329422572E-06,0.000499788956979,0.002748978188738,0.003479656080772
0.000500336361147,0.000216949859885,0.000164003549789,0.00028428648081,0.000629382083938
2.38076089422862E-05,0.000155734893138,0.000605332850131,7.96883567708873E-06,0.0024065107895
0.000238623765378,0.000902843563837,0.000236221633127,0.000215603531206,0.000113939798932
0.000172314718257,0.000283332797634,0.000413808781431,0.000236883103171,0.000272276199487
3.78531114658979E-05,0.002965587934285,0.002400751106573,4.5059782767952E-05,0.001017964661374
0.000649003336761,0.000502508172026,0.000329214738282,0.000186225597261,0.000561231682816
0.000921227061153,0.000152485458649,0.002705639410676,8.22356147769238E-05,3.27379857579702E-06
2.55499232698276E-05,0.000712836838803,0.00066523993451,9.95519162731105E-05,0.000288554147397
0.000705745370616,0.001440156200867,0.000649458626688,6.96377401354973E-05,9.78877292274122E-05
0.000156949385788,4.23848417362013E-05,0.000198767765421,0.000980374385802,1.77321232618388E-05
3.05724255845042E-05,0.001171892210114,0.000153261849341,0.000194471852695,0.000272310616757
0.00043605467218,3.63216333377152E-05,0.00037905417592,0.000124264044933,0.000646413192277
0.000378054898423,8.20922953662304E-05,0.000696782115849,0.000136642394308,0.000473505553373
0.000287037297016,0.000150803390277,0.001735279456851,0.000851325304386,1.13683528986468E-05
0.000270821474928,0.000364582690009,0.00030587872658,0.000334747339689,0.000216823757855
0.000523876276587,0.00037112787925,0.000773956659491,6.19201780866308E-05,7.69276462469276E-05
0.000327820807708,0.001046191877886,0.000479980787907,0.000226926158182,3.76614630005902E-05
0.000668700444806,0.000329920340919,0.000265559722758,0.000364869398467,0.000204337106095
0.000769180343318,3.08607527244143E-05,0.000247468850008,0.001009787041196,0.001511617097752
0.000660032575782,0.00054789716414,0.000542760919126,0.000110232037795,2.84097329411396E-05
0.000108299138063,1.72673804076187E-05,0.000506706200761,0.000216902593056,0.001221435670333
0.000380158235258,0.000557792025374,0.000851269757662,0.000298020816988,0.000533875062025
0.000116787211399,1.60235694231483E-05,0.000606866692141,0.001233423137516,0.001242247658349
0.001520913052582,0.000416620915124,0.000823049648013,0.000141907245887,0.000475830882459
0.000707550924842,0.001282529153803,0.002141034701298,7.67558538485073E-05,0.0022160483641
0.00032475688462,0.000770200799507,0.000208524761557,0.001017727696997,6.14646084815362E-05
0.000413166166789,6.39794560415041E-05,0.001935258980613,0.000135197901525,0.00019032717365
0.0002377917708,0.000382860427889,0.00084528891305,0.000278412382897,0.000401111401909
1.77884404372706E-05,0.001163636957794,3.701727164973E-05,0.000253893809632,0.001465077167197
0.000351294221707,0.00012283547976,0.000297989899488,0.000123471671872,0.000372496075655
0.000619287571267,0.000261296503356,0.00038404345034,0.000107611135455,0.000709986099108
0.000360531984901,0.000522207745061,0.000123198606211,0.000223749973799,5.72259556149307E-05
0.000923155918513,0.000776468195307,6.08103247779533E-05,0.000111580165522,1.64159123785124E-05
0.000905547162346,0.000858698537187,9.74052326020312E-05,0.000214914050386,8.38003350182566E-05
0.000182897896788,0.000102110346376,0.000143722767464,0.000309733686554,0.000964200036002
0.002424705702597,3.00936643821909E-08,0.001281459778281,0.001638885319048,0.001512724049897
0.00118375843494,3.90102740830784E-05,0.002234046279497,0.003196101710351,1.3271097458326E-05
0.000146343758347,0.000200827648781,0.000202095201191,0.00044715987259,0.000463541215839
0.001509564397894,3.55474196611964E-05,0.000499831542719,0.000572497249597,0.000234622515392
0.001049264503612,0.000816171201486,0.00025322091102,2.18450652190517E-05,0.000800993942842
0.001580911073392,0.001344250627165,5.3967754070993E-05,2.59332210149212E-05,0.00124024123669
0.000184504954879,6.14367639392736E-05,0.000184099420055,0.00052154453377,0.000701017012276
1.07244218278583E-05,0.000948673665376,0.001039914655817,0.000745956224189,8.94779950779143E-05
0.001188890047362,0.000105659933874,0.000189746948551,0.000430256800658,0.000178566272611
0.000224920684496,0.000533573385638,0.000357841863886,0.000701171033096,5.9723558570973E-05
9.21322910260725E-05,8.61841408202881E-05,6.26647509860624E-05,0.000163731178721,0.001748484501089
3.44706917674962E-06,0.001793008134581,8.0789580650306E-05,0.000848345797894,0.001345345324672
1.95356536762728E-05,0.000271621441842,3.70771533747294E-05,0.000385880708665,0.001924037036974
0.000260077897502,0.000563910659346,0.000291238353998,0.00045958257531,0.000155339416451
0.000240585039615,0.000517665784283,0.000135974563675,9.08194470481321E-05,0.000824804650462
0.032841635594092,1.37392601862121E-07,4.78658043391513E-05,0.012889258401587,0.000476531966829
0.000219836723294,0.000513212935671,0.001157467048577,0.000634026152589,3.69014008200295E-05
0.000493349735633,0.000238935287917,0.000212078141059,0.000112203025951,0.000905377393651
0.000496346841066,0.000306473474011,0.000301836261686,0.000163974263765,0.000225312589992
0.000726909726598,0.000166533830753,0.000424241362152,0.000138843592888,0.000357654790578
0.000630362920691,0.000945617875543,0.000135909062949,0.00129105422248,0.000100631791208
0.000236389619197,0.000391350917445,0.000464628871798,0.000281115103383,9.12500169486338E-05
0.000485677083578,0.000611760600638,3.42701785197386E-05,0.000399815212405,0.000499524005101
4.55022607662044E-05,0.000589801463109,1.77171962841509E-06,0.001368014668472,0.000410939137959
5.54849420803494E-05,0.001113138129624,0.000727660202606,5.26284208197486E-05,3.53420943219011E-05
0.000113419455106,0.00188014591546,0.001933589884121,0.002342019730478,4.54873590624595E-06
0.000195400996325,0.000217279706086,4.72788863499774E-05,0.000151006182701,0.000854169993975
0.000114450892172,5.73453975824432E-05,0.001076382434673,0.000673160164907,0.000193217609271
9.15315936432118E-06,0.003371902515805,0.008317080052836,0.000912976513155,0.00240931906568
0.000290303837055,0.000401217613503,0.002389445928364,0.001005087440914,0.001257810137842
0.000483791766499,0.000155633628021,0.000380781828152,0.000498673637163,0.00024778440472
3.94551445176461E-05,3.97149907118411E-05,0.001039501606889,0.00052198906593,0.000583858235746
0.000164408953486,0.00139164706532,0.000681194859083,0.000660464634804,6.74444084973248E-06
0.000198416367506,0.00021355001232,4.32417943001731E-05,0.000102130352709,0.000657823831692
0.000794793622612,9.47042826766011E-05,0.000358507356596,0.000408114211753,0.000316799610969
0.000540398287474,0.000162967213027,0.000856851283786,1.73066923610367E-05,0.000363771692845
0.000565054391629,0.000254628477699,5.41296272053081E-05,0.000306242407979,0.000446277364712
8.15550081909977E-05,0.000306585680224,0.000286336443047,0.00051603856551,0.000267229238021
0.00311239402618,2.52765100988489E-05,0.000543557650236,5.94602350839011E-07,0.001353429221787
0.000423693207788,0.000728232352996,2.37924690045493E-05,0.000164617413175,0.001285866076095
0.000687148280373,0.000171813939791,0.000602285056865,0.000229512577709,8.81406349487792E-05
0.000250207864012,0.000233931676971,0.000114127936774,0.000144147382554,0.000416438698471
0.001126744190039,0.001988413271165,0.000253375534382,3.31311504272134E-05,0.000415898040273
0.000485257400248,0.0002616834439,1.93508295351734E-05,0.000360086230356,0.001877391177443
0.001072626356369,0.00017378680362,0.002045595797065,0.001377199389543,0.000128056687552
0.000393258777534,0.00028715634744,0.004004601434072,1.5320919900829E-05,9.86220092412918E-05
4.26698821524642E-05,0.000879046547748,0.000567525733229,1.0652245230401E-05,0.000420906716104
0.000124815577596,8.30673955209647E-08,5.06278363362111E-06,0.004688751089256,4.64901849208765E-05
0.000319504819678,0.000145067351828,4.59690095813972E-05,0.000145113117268,0.001206498976422
0.000504010762557,0.000349000118837,0.000215749584217,0.000179259983958,0.000283097719224
0.000467860574076,0.000212558967259,0.000552460743198,0.000370784383877,8.71753129644879E-05
0.000353329792074,6.60913215748636E-05,0.000668468262532,0.000283224255781,7.87640033736882E-05
0.000566509883648,0.000140324728912,0.000154150174246,0.000396874955492,0.000122053951605
0.000273725459205,0.0023016219738,0.000655730846344,0.000914093345528,5.11013398568441E-05
8.88805545214985E-05,0.000540893792758,0.000953471023879,0.001270665966125,0.000353668527782
0.000189378650305,0.000219194181025,0.000901352647202,4.39534562321505E-05,0.000423758420446
0.003637879979258,0.001356832945043,0.000209739455576,0.006585911771198,0.002793176064563
0.000144711322873,0.000116993903652,0.000534821021844,0.000515168578195,0.000532462386083
3.04197573888822E-05,0.000130386689552,0.000154590510987,0.002127388294042,0.000273682602681
0.000309266941527,0.00013861710232,0.000604508036363,0.000947091286689,1.28024327529021E-05
0.000243020871326,0.000502200284794,0.002128786901186,5.98329110519002E-05,6.04290276183424E-05
0.000107936488875,0.000377467227072,0.000230170208126,0.000138618594292,0.000408114775105
0.005053546014325,3.54341304331892E-06,0.008275857053106,0.000173332422327,1.55378081599832E-07
0.000568601671255,8.85800873131323E-05,0.000177531448267,0.000927452699313,0.000262831521015
0.002416321442063,0.000101342465496,0.000272453594394,4.80416303266881E-05,5.4943899670114E-05
0.000527853933437,0.000183836971656,0.000312013353991,4.75420991930215E-05,0.000519524465972
0.001953920748665,0.000170338654846,0.000189842598044,0.000824621056212,9.22298472894296E-05
0.000111314344365,0.000233353382233,0.000961587133667,0.000335261551983,0.000599583420027
5.8744812708362E-05,0.000201966385508,0.001403397661751,9.8036018151642E-05,0.001013635350651
0.001890947369253,0.000295166103568,0.001346388914916,2.42497743646836E-05,0.000251429512246
0.00011892188922,0.000322572025009,0.000347998199916,0.000430704850078,0.000106303852012
6.954036775525E-05,0.000177753900966,0.000118486408678,0.000399020077273,0.000586896791805
0.000702791828357,7.13501160973165E-05,0.000824460359879,0.000188530057821,0.000306550885828
0.000381969472922,0.001363264587912,7.93014167774414E-05,0.000457399755003,0.000149015705311
0.000632391706596,0.000178491142061,0.000486128479723,0.000202451302805,0.000439465706866
0.000376334865659,7.36289298034096E-05,0.000928904901527,0.000303341996134,0.000230266153582
9.29234372615246E-05,0.0004347429625,4.21795547792989E-05,0.001022696606416,0.000346273481089
0.001836490539533,0.001291821852379,5.17737794031599E-06,6.75026979277111E-05,0.000347258741221
0.000222444930731,0.001293961073796,0.00063197702639,0.000127621256663,0.000858786881412
0.000125515462409,0.000245407139331,0.000142416804905,9.23555126891221E-05,0.000724319434772
0.004617963037341,0.003793932745329,0.002864189021351,0.000125919154394,0.000197124651633
0.001946962785738,0.001399242494775,6.14020676320272E-05,0.000739207863205,2.09152354899387E-05
0.005749808249592,2.63325076076675E-05,6.49837515469803E-06,5.62008613248924E-06,0.002667376402656
7.9475609598412E-05,1.5809863900721E-07,0.007598982856955,0.003765738453913,3.80693895901918E-05
0.00257223225391,0.000960581257674,0.000580269318383,5.33808773367496E-07,0.005615595457895
4.81927231231298E-05,0.000181135294328,0.003218923679901,2.57660607537863E-06,0.000188896138273
0.00059746063145,0.000500217978938,0.000105960215288,0.003026332052215,4.59470738543353E-05
0.00051663513976,1.87741539751394E-05,8.91075734041056E-05,0.00201382459134,0.001539680479279
0.001009846429391,0.000208800178789,0.000228180497125,0.00044903219498,8.04035603932521E-05
0.0005345969644,0.000254399939547,0.000141958209857,0.000632965250535,6.66853660704538E-05
5.44710661182203E-06,0.000327118022568,0.001038977654548,0.000841069263034,0.000184766343324
0.000234846343885,0.003211757261153,1.54556083995828E-06,0.000118931022844,0.002816370692922
9.90719071805793E-05,0.000682212086436,5.56497579215513E-05,0.000145533558937,0.000117173784549
0.000176315087258,0.000252838743734,0.000271122257791,0.00123061831714,0.000139256465483
0.000631548209212,0.000695936463352,0.001152708774606,6.10365521930327E-05,0.000833857862656
0.001662497615099,0.000106419867475,1.06480205689968E-05,0.000478990077652,0.002483810649748
0.00050461921996,0.000668484631506,0.000179300650031,8.13642912928139E-05,0.000918149289596
0.000295015536132,0.000392579604601,0.000651514101475,0.000557626245293,0.00014935738288
0.000974633033577,0.001909394653426,1.67278993336612E-05,0.000556405189414,8.2947876166404E-05
1.47842991259991E-05,6.07668093777239E-06,0.001647724579877,0.002357718122529,0.000532641638485
0.000243327775751,0.000542462333962,0.001147502703673,3.29222937541842E-05,0.000134229248643
0.002486521349677,0.000104059220542,0.000386269290706,0.001496028775051,2.86028751190081E-06
0.000252377137333,0.000183699669497,7.01941779825641E-05,0.000440943408199,9.6882847221266E-05
0.000155667913633,0.000179581798382,0.001189089127489,0.000204719360412,0.000131325345277
0.000388818927437,0.000181143281235,9.20128790074219E-05,0.000719605566771,0.002533629558631
7.63633038497474E-05,0.000119866629553,0.001145328636634,0.001366778960011,2.06033314176509E-05
0.000539621209928,0.000757065219285,0.000131220259813,0.000226582908025,8.29358291131097E-05
0.00045584838677,5.67168545986422E-05,0.000496387419944,0.000398238356732,0.00249599084623
0.003206283524895,0.001238184330169,0.000362659722734,0.001673686270308,0.000874318070991
0.000197795351104,0.000501071955287,3.75263056552428E-05,0.000785573702591,0.00010927880187
0.000415862869193,0.000238214134566,8.22582253320616E-05,0.000353927172238,7.71053564706847E-05
0.001020014690473,0.000422102646607,0.000318733355802,0.000356464750338,0.000134553735579
3.57535395010415E-05,0.002100458660736,0.000577701991162,0.003872679430798,0.000235044321828
7.04318670128901E-05,0.000156946746308,0.000190374866003,0.001356699599325,0.001548007637201
9.70117688227219E-05,6.78187420091539E-05,0.000233059530683,0.001215110708824,0.00074655240884
0.000482248011984,0.000130870631529,0.000945151445576,0.000401300950089,7.85353506811918E-05
8.3011715630581E-05,0.000464187255654,0.000602449018377,0.000168004846505,0.000568892821421
0.000431294107616,0.000303213836071,0.000550895563083,0.000603667980202,0.000127163277826
4.49928896599654E-05,0.001103223999351,0.001406901841331,0.000137023402953,4.86274292701407E-05
0.000596754736429,0.000556822940971,3.13730560979121E-05,3.51319310724647E-05,0.000304488117749
0.000419934764916,0.000222582464422,0.000337136221603,2.74970296665578E-05,0.001938822780213
4.36329203834833E-05,0.00016437479522,0.002378149035051,0.004892459949794,0.003052427796955
0.000649181828839,0.000307213042667,0.000907444736243,0.000281027518104,7.9250572898867E-05
0.000627996985538,4.57195770136681E-05,0.000429262968927,8.99822797860155E-05,0.000300491362775
3.82406309102853E-05,0.000581393391678,0.00022384686417,0.00057604558726,7.55783864948122E-05
0.000831350719769,0.000134557109111,0.000162802482303,0.001049516089588,0.000141488143659
8.67782635193099E-05,0.00059612064409,0.000256004759568,0.00035446247147,3.77721906396702E-05
0.000649667697868,0.000650981809007,0.000231520739833,0.000112659253571,0.000924105754057
0.000947499258917,0.000669831534805,8.97504343337513E-05,0.000443069522503,0.000300934635959
0.000111643267488,0.001314292702345,0.0002837664156,0.000103493573708,0.000761829089359
0.000634524194189,0.002966795681832,0.000976968654324,0.000345630881488,0.000137660579701
6.16316856571106E-05,0.000381617580622,0.000633846989793,0.00014112811717,0.000435183043044
0.000185338606021,0.00022686335514,0.000345698932866,0.000672792155165,0.000536131521106
0.000495756395209,0.00038567483812,0.000100099029803,0.000165348228721,0.000162582482129
0.001053286012878,5.5923203012546E-05,0.000289214805231,4.88175726255972E-06,0.001014809325748
0.00020872753961,0.000507897437999,0.000335895102963,0.000191537753079,0.00013249270883
0.000377277657757,0.000295824114558,0.001045507079027,0.000598033754977,0.000105830316537
0.000256181090612,0.000136084681483,0.000486694096436,0.000375596813807,4.28288098228309E-05
0.002077076178297,0.003415481341018,1.86304384210514E-06,7.85917404454435E-05,0.000886037861906
0.000318441940353,0.000469074340699,0.00048226875865,0.000153115629629,0.000478452195827
0.000176167290294,0.001044273073707,0.000221471706451,0.000257226142448,0.000142762525815
0.001517357563004,0.004606308216624,1.48316672034409E-05,3.99463923683973E-05,0.000183702090756
0.00057396862716,1.75068860228499E-05,0.001124656013319,9.58639914114831E-05,0.000915104403118
0.000878375359987,0.003925318484161,0.002345171872875,4.28438779203076E-05,1.0511492618371E-05
2.94868215714791E-05,0.000351338019395,0.001011673270117,0.000277862409165,0.000783770998427
0.002919364225893,0.00060858477904,0.006233794142563,0.008314583048337,5.37323148123911E-05
4.19842646981904E-05,0.000832908651082,3.95447866655415E-05,2.43179278266312E-05,0.00183160523866
0.000671449363615,1.32736305488794E-05,0.000681582139694,0.000377554613849,0.00267426205204
0.000280802734772,0.000994895450143,4.05744775310455E-05,0.000787541692404,0.000440933510641
4.29098136424125E-05,0.000337851076584,0.000830604460024,0.000553614258947,0.00011905985188
3.58698629860252E-05,5.02260479401526E-05,0.002028510832,0.00253467186356,8.88844230480316E-05
0.000873650186875,6.82939986798392E-05,0.000587821709104,0.000341847118005,0.000338391368775
5.83544890399374E-05,0.000327747910102,0.00090436281765,0.001449480146401,0.000572183812439
0.000527337634309,0.000297316462468,7.05997950626791E-05,0.000653683299099,0.000996983607761
0.000402413148914,0.000477024135056,0.0014595526072,0.001638806198059,0.001005718921369
0.000355026915195,0.000299750743427,0.000380759986933,0.000172571904776,0.000203406106474
6.4116063690745E-05,0.001022247770936,0.000280191990461,0.000214110713276,0.000304950649452
3.71553207064116E-05,0.000765661281628,0.000383409432934,4.56060548786303E-05,0.000871887259599
0.000117555084903,5.74280149378469E-05,0.000368604074298,3.42949575532732E-05,0.000784339849043
0.00052962869185,0.000391487023658,0.000910578918702,0.000193784637513,3.85720158960795E-05
0.0009516183581,0.000375387525928,0.000300578394451,9.82907105003236E-05,0.000432522018236
8.61946534542378E-05,7.5897053153473E-05,0.000347972775505,0.000341400421516,0.000537963360636
1.17485794352957E-06,1.49953658851342E-05,0.000101623428955,0.003252388422623,0.002299791016328
0.000640409935381,0.001793776563326,0.000287815522072,9.44739122059297E-05,7.6668358453611E-05
0.000416402530568,0.001179501031957,9.74804228970631E-05,0.001146066265377,0.000253007879404
0.00014763798484,9.78053393405265E-05,0.000335333606713,0.003553380999353,0.000408926712719
8.79610427943183E-05,6.45178485237889E-05,0.001025781408831,0.000376163406639,0.000318322736905
0.002072586325799,0.000445956137273,3.78976351010699E-05,0.006604462173967,5.13731207245073E-06
0.000139168696068,0.000280166780605,0.000551144226805,0.000375830638124,0.000129084009945
7.69734115421218E-05,0.001826645286228,0.001091375374329,0.000123445411882,0.000623624036466
0.000274903547272,6.99478890312688E-05,0.000137817426431,0.000772975576593,0.000213263999804
4.51794891118846E-05,0.000498649786738,0.000338353738041,0.00057660904509,0.000230576156154
0.00013851271015,0.000793038845792,0.001404937353663,0.001673532480091,0.000416264965182
0.000812951426894,0.000467379507709,0.000518065827081,4.69488010297513E-05,0.00025017380811
0.000191379413495,0.000181566089596,0.0001570473002,0.000346888217692,0.000195213083767
0.000342016176968,0.000427290909941,0.000573820435139,0.000208592633164,4.54130143323692E-05
0.000806283193142,0.000110073419606,3.94426688119965E-05,0.000105129910998,0.000657165598281
0.000143311759278,0.000170370816346,0.000929521804927,0.000863586691502,0.0001323092599
0.000136191202382,0.000627289225294,9.83841867449326E-05,0.000706989063072,0.000531192924252
0.001095755580627,0.016403638176793,0,4.68451895316801E-07,0.014483793901972
0.000249516474578,0.000126952151272,0.000445184256758,0.000325545490188,0.00019569441223
4.30665478218947E-05,0.00056989699696,0.001164755815345,0.000609210350806,0.000645847281851
0.000529432436125,0.000208352605605,0.000657543558725,0.000109102212416,6.7769243559865E-05
0.000148110364581,0.000820199682834,0.000123227695976,0.000290420140223,0.00031035413826
2.91484174249215E-05,0.00199557980098,0.001302018939829,0.000162101400201,0.000268461991488
0.000310525901041,0.000275226157097,0.00066894112647,0.000169792325954,0.000144923977475
4.52714797086402E-05,0.001338207415102,0.000963820254867,0.000275033069785,6.31251465350211E-06
0.000160921598483,0.000190926980622,0.000968065073279,0.003759383191641,0.001051453689335
3.0189934139738E-05,6.35255986343422E-06,8.60711912934271E-08,0.0064836377011,0.003745102962741
0.000330101171075,0.000194176906586,3.32849953175788E-05,0.002085599769809,0.00328891025837
0.000428576504443,0.000709143335164,0.000749911993707,0.000610719709363,1.82195092676061E-05
0.000114443684621,0.000158718372687,9.2525674801243E-05,0.001839253043291,0.000104330575212
0.000159931711379,0.001286898642705,0.000469940772554,0.000666816651539,0.001799786891199
0.00032298737053,0.000141690848007,0.000340596144728,3.75728807336903E-05,0.001639854144494
0.000107515293372,0.001171593357922,0.002074170966371,0.000457852987368,0.000137434382512
0.000273296388197,6.7012053434797E-05,0.000769991553109,3.15450752762511E-05,0.000481878056236
0.001604835081565,0.001174012809188,0.000180746218859,0.000581474845744,4.03651835903455E-05
0.002298319079486,3.50821810458821E-06,0.000813368420349,0.000194437153575,0.003917405321619
0.000397325100537,0.000145665057557,0.000320748013191,0.000355079746295,0.000114394925893
0.000372010992534,0.000610200206108,0.001374983048609,0.000401822991273,0.001317672996876
0.001766227704347,8.73832358727765E-05,0.000729789140079,0.000131349776195,8.95643056231156E-05
0.000940006545278,1.58942367219305E-05,0.000675538576867,9.85991413787147E-05,8.44202170338053E-05
0.026876452133976,0.028119326602441,0,0.005905969844974,1.66100249289783E-06
1.08579167435055E-05,0.000326790134351,8.13334245070495E-05,0.001033574361122,0.000314931111952
0.000679559733706,0.000110346021723,6.85100373845628E-05,0.000614556706293,0.000151728613265
0.000418889430199,0.000359354948281,0.000139912489717,0.000355440589566,0.000257009265494
0.000794559929547,0.000219778531593,0.000342388702807,3.68692642698729E-05,0.000330808075997
0.000950081859022,0.000493681580063,0.000110082391409,0.000265488161666,0.000434463421249
8.77799831668746E-05,9.53750808619003E-05,0.000496770265274,0.000839187422084,0.000276203204457
0.000289179535718,1.38931236894929E-05,6.59927981148012E-06,0.002960305828834,0.000418785862419
0.00015849561135,0.000634862333941,0.000673687256284,4.18717534158295E-05,3.22077097210909E-05
0.000386801499914,4.87198220197272E-06,0.000188763804423,0.002167606859249,2.67229528052028E-05
0.000132402046854,0.000681391061285,3.18249685272185E-05,0.000382119515402,0.000556325780795
0.000479999774606,0.000707849406995,5.46420324015881E-05,0.000405638483099,0.0010728341326
0.000427161798499,0.000106870585164,3.11168538429207E-05,0.000917972135384,0.000530409176706
9.17526353973659E-05,0.000347083892439,0.000286137451784,0.000262567156859,0.000797967317978
0.000496257019364,0.000118897484681,0.00042360140911,0.000312682488822,0.000232332868774
9.74217923100483E-05,0.000405672972232,5.71741493726921E-05,0.000328621389821,0.000488269801506
3.23934009526093E-05,0.000769417139352,0.003031299085223,0.000245464697324,4.25307069708051E-05
0.001999852695827,2.60347311745286E-05,0.000378266309675,0.000123114632824,0.001636025798237
0.000557572335031,0.001230964067364,0.000215619502339,0.000828662084088,3.23726631641844E-05
0.000106945670033,0.000142658983816,6.46306497766699E-05,0.000379765876566,0.001075360882327
0.000296248043328,0.000607208107017,0.000438457531595,0.000453704786267,0.000808153255143
0.00508873507332,0.004562237180624,0.000280511111863,6.86192429129341E-05,1.15891950397881E-05
0.00095084796252,0.002128565962545,0.000434606038154,0.000699079320807,6.62558627770599E-06
0.000165906482221,0.000238248256855,0.002429459545336,4.34259688018681E-05,0.00083946983152
0.000247059148231,0.000205086880049,0.000466850935033,9.89138317588113E-05,0.000514130276477
3.64082997932943E-05,0.001320797994671,0.001258679679308,0.000129091509495,7.68355889089146E-05
0.000124820693955,0.000195763848596,0.000325009149396,0.000492389577876,0.000174823764624
0.000585850140542,0.000399490399375,6.44115165491248E-05,0.00041370927603,0.000214296993471
3.82348281950745E-05,0.000930912216292,4.47934940887534E-05,0.002003854490026,0.000259439301697
0.005358277924572,0.000113223801467,0.009660448541919,0.00184066890759,0.006715812439221
0.000789123784425,0.000127079296822,4.82026036989711E-05,0.001528946004749,0.000290684439951
8.98775367924413E-08,0.003371222050142,0.000229908656326,0.001735969300492,0.008361781449679
0.000200567891294,7.86696507794016E-05,0.000310524123558,0.000389907541658,0.000503868750577
0.000630144959838,0.000500024665072,0.000134965139072,0.000347761091231,0.000212589511467
1.7915692964532E-05,0.000380413260957,0.001032779373076,0.000335329667776,0.000140884590961
0.000421449475615,0.000416225959482,5.97965403042484E-05,5.51437757788682E-05,0.000538212231268
0.000610337516655,8.62151602638418E-06,0.000291537677228,0.000140944144768,0.000403443956278
7.06185121460181E-05,0.002774838761513,0.000700887704783,0.00017144480067,0.000320198410004
0.000763066681457,0.000214510498872,0.000353236214377,0.000250069789504,0.000372049102433
1.12672080460862E-05,0.003583458976545,0.000129066389184,0.001012834402456,0.00037032265389
0.000955243667957,0.000213995174248,0.001049402629745,0.00018471153157,6.98193646646022E-05
0.000242195308262,0.000541508866629,0.00014980385513,0.000229576512293,0.000610187741887
0.004651809484637,5.07269061722417E-06,0.00023567684765,0.005757935777064,1.98615043801797E-06
6.5584323156006E-05,0.000459065212133,0.000355553874776,0.000393972067816,0.000337808622442
0.000235842691158,0.000942939992043,0.000606236193178,0.00032301635876,0.000395733461563
0.000312506490226,0.000648021658074,0.000436774786799,0.000110657473135,0.000308989140872
0.000135150256183,0.000553906104308,0.000144057372675,0.001285463620089,0.000421772574615
0.001190576737373,0.000645253749137,0.000199255448171,0.000682040954915,0.000145370249168
8.84482727776577E-05,0.002104937163438,3.06028174141851E-05,0.000861413920111,0.000288016700847
0.000466520559487,0.000490473860399,0.000610693162265,0.000340404813737,0.000860801167403
7.31775136971774E-05,0.000327993952301,0.000902204030749,0.000112088969622,0.000398452074986
5.97359296250383E-05,0.00067767738151,0.000507072884015,0.000378174856133,0.000339585810403
0.000384342525311,0.000176484006393,0.000475482112786,0.000186922417277,0.000407904496255
1.48404753434312E-05,0.000283685732529,0.000312290606849,0.000173033558694,0.000799669622445
0.000382679729934,0.000607403240807,0.000571928948612,0.000348862062033,0.000211999809329
6.92480742919588E-05,0.000195083022582,0.000501917147939,0.000393956137173,4.34090705351694E-05
0.000122275910666,9.52792911670263E-05,0.002581499815548,0.000535328487883,0.000171430701298
0.000124100022477,0.004303753557044,0.000642911602331,2.33217669516703E-05,0.002880042683678
0.000547868902591,0.001986004292859,0.000182238297087,0.000163791877066,0.000445455779306
6.57238128243411E-05,0.000271744828866,0.000404308836657,0.000137519697058,0.000422802509565
0.000286360428929,0.000622230427535,3.93446423985362E-05,0.00017127257803,0.000280987660758
0.000198180783086,0.000615942212315,0.000171334236587,0.000393618525058,0.00056931280034
0.000218953050291,2.64826823871459E-05,0.000200552969987,5.89032973054665E-05,0.001026819971746
0.000130552465146,0.000299801973112,0.00019677136978,0.000366514085269,0.000188194462651
0.000304208213452,0.000146016810638,0.000337710817979,0.000253242490669,0.000239514470739
0.003405062204977,0.001268417512308,0.000154178858636,0.000186599763418,2.08570591708655E-05
2.91011433051117E-05,0.000576378880118,4.63021021761711E-05,0.000517133789249,9.56317673468129E-05
0.000808196729089,0.000392450624084,0.00027787863555,4.71735074591043E-05,0.000383365627501
0.00065380862504,0.0005692670826,0.000256632490413,0.0003268732141,0.000131266451233
0.000320729183812,0.003316758972696,6.94842355099398E-05,0.001202028024868,0.002068011228479
2.38961223039416E-05,0.000283862458764,0.000218588596857,0.000653687194596,0.000379318536164
0.000184682826242,0.00406315752992,5.15865221643211E-05,0.000685932731775,0.002415433711135
0.000781718883373,0.001355531401947,0.000145555293046,1.96439371563778E-05,0.000409099485818
0.000198882997827,9.80521650942557E-05,0.001300470890958,4.82545082576964E-05,0.00044453188867
5.21597354200702E-08,3.5263747258894E-05,0.011834190507086,0.020618298332874,0.010899897369906
0.000174808646092,0.000979958326528,0.000160141081172,0.000163718172829,0.000234801968007
7.74851463975741E-05,0.000499208967118,0.000989046218331,0.00038102407774,0.001353492092721
7.03306543739084E-07,0.005208067910729,0.000171734300431,4.2121822293563E-05,0.002720029836277
4.84864883093901E-05,0.00046837353273,0.000179582091797,0.000563445151222,0.000484169778573
0.000199634549851,0.000783748840362,0.000253497060434,4.63586882049547E-05,0.001086109459634
0.000317476695841,0.000556237052005,0.00048781763357,0.000310188968466,0.000147685476265
0.000740185383367,0.000186512114193,0.000101731509733,2.00309288089575E-05,0.001854749411256
0.000163334825986,0.000151460478243,0.000110776506992,0.000398164749056,0.000372251582904
0.000488560453778,0.000690842838689,0.000231243404928,0.00017349579798,0.00079735187224
0.000617156474781,5.57562490215108E-06,0.000168758193165,0.000118994107534,0.001310692222092
0.000795790236789,8.26210146291309E-05,4.33949021445854E-05,0.000375996002922,0.000141208131746
0.000815425673061,0.000330159659866,0.000224837309414,0.000640617034209,0.000176075090263
0.00021213653588,7.78898315016536E-05,0.000126289482519,0.000421678776239,0.000313004422237
0.000466272761763,0.001011929190928,0.00015375670376,0.000291797974375,0.00036504564236
0.00021525196492,0.00025764222877,0.000402995549741,0.000381105220516,0.000311573699065
0.00038518491982,0.000449856025534,0.000118214163156,0.000714768164257,0.000680033944332
0.000164485379671,0.000327749424004,0.00078253890119,0.000347274632245,9.3494576665104E-05
0.003005748394953,0.00010547700393,0.003925649062667,6.08111536621313E-05,8.40378431427791E-05
0.000980185859359,0.00018008336898,0.000220239469026,0.00036189736544,0.000533144873477
2.02711096296691E-05,0.000110062393158,0.000898672232484,0.000266753262871,0.000298834834213
0.001334487272206,2.8524936702903E-05,1.54603178549561E-05,0.000321977911141,0.002408176367308
0.000341550271812,1.55115851403651E-05,0.000568874750944,9.59522036989345E-05,0.000501651591223
0.000319676179329,0.000335643928031,0.000199476349259,9.47903494644247E-05,0.000106974470715
0.002741627595833,1.26493653969221E-07,0.002217740427837,0.002350652027371,4.00782655203448E-05
0.000152977682036,0.002118788716193,0.001591777944148,1.07422614389161E-06,0.001078694490034
0.000234107229936,0.000893617169367,0.000949607887966,6.97691791019199E-05,0.000846925104046
0.00024132785591,8.24869271530744E-05,0.00074787582282,0.000452872627111,8.86606391472838E-05
0.000141177317474,0.000623082218166,0.000514010128469,0.000502195952313,0.000165361799679
0.002553692079649,1.66710267723367E-05,0.000870122076886,0.000550803855192,0.001392342014157
0.000205699297466,0.000262148337413,7.15227561741653E-05,0.000818746120595,0.000803374525209
0.000276347044369,0.000281338937807,0.000412566234919,0.000137906977217,0.000112480548205
0.000513183297634,0.000678381509502,0.002229767023235,4.66852071360279E-05,0.00062292170808
0.000540506158961,0.001052912515402,0.001274477161698,0.000375556297217,8.88964434950772E-05
0.000547804277583,0.000437241025412,0.000131467053197,0.000508987823604,0.000239450463626
0.000215957698016,9.62359685189827E-05,0.001304003585143,0.000252869762618,0.000320615739153
6.15752881752864E-05,0.002959550654362,0.002360563510696,0.00052260662465,0.002083993462349
0.000207253995962,0.000185936996162,0.000127627837782,0.000537544332718,0.000781548431159
0.000447556691333,0.000156189051817,0.000552062864153,0.000321272690651,3.11673423890954E-05
1.56375245344693E-05,0.000644216658013,0.002374015356649,8.17024291990812E-05,1.43038615886686E-05
0.000375376427967,0.000244832498335,0.000209130774674,0.00064938012226,6.25800545647395E-05
0.000572109224929,0.000231119112991,0.000244640962532,0.001795872292446,2.29296317650055E-05
0.000113921116308,0.001065299119917,0.000167025201345,6.8872548851867E-05,0.000754174786174
2.26686631959673E-05,0.002581232059183,2.59854654220749E-05,0.000249567888837,0.003051913422469
0.000944497038386,0.000697328825893,5.15423512595044E-05,4.40272796678967E-05,0.00012148447157
1.71310390438171E-05,0.000672072658712,0.000650855757593,0.000951146450291,0.001389155601647
0.000828580731859,9.76971022852985E-05,5.76460012031849E-05,0.000484207902901,0.000482150987604
0.001298054083697,8.06987750088885E-06,0.000228683963649,9.88427618617496E-05,0.000701879173438
6.87437772646663E-05,0.000455930914417,0.000232352645372,0.000282522179367,0.000570781270739
0.000717525489096,0.00085994371161,0.000352813408281,7.6399631752831E-05,9.64858485858128E-05
0.000815478453866,5.50597576766288E-06,2.17236058181395E-05,0.007122702475894,0.000637454386824
2.97172229423789E-05,0.001522069255359,3.39303584445794E-05,0.001188659824542,0.002384342623783
1.41838344574655E-05,0.000624503948306,0.000246305889807,0.000819856024215,9.90782648846785E-05
1.56837512823286E-05,0.000143713647541,0.000427801559042,0.000312141708799,0.003417870325446
0.000520440960879,0.000309311401847,0.001004319245153,0.000298858352433,0.000119907899656
0.000547026538201,0.000572713419344,0.000210964440963,9.86974174855152E-05,0.000339708040672
0.00019718761886,0.00105958975907,0.000489060548145,0.000130296188477,0.000126838915629
0.000392160147497,0.000223309532924,0.001264303416254,0.000179732290581,0.000183493632414
0.000655528762869,0.000212376880896,0.001325731145246,0.000250681200843,8.82717971293061E-05
0.001232488226552,0.000817970948939,0.000829897107162,4.75918361606974E-05,0.000303158606698
0.000121302071684,0.000216525020215,0.000324945506068,0.000594795882322,0.000334390878245
0.002109880200648,0.002929837878736,0.003853758711257,0.001285116702965,0.00033480974713
0.001076524347907,9.89245732769448E-05,0.00104927133759,0.00016996616203,0.000306550272
8.18258340396475E-05,9.37276798463531E-05,0.001884244760484,0.000116293876235,0.000123782332236
0.000732840352584,0.001279183312588,0.000149844363788,6.38636474020696E-05,0.000318863861956
0.000561551841313,5.85440659009289E-05,0.000304115205349,0.000549940434809,0.000106100226694
0.000271852243474,9.09460299541137E-05,0.000251815082843,0.000605191542431,0.000917180470688
0.001343006305036,3.0494679168243E-05,3.2172317921822E-05,0.000142572215006,0.000350404562463
0.000576239811483,3.62519710473839E-05,0.002189554319226,3.23877663555405E-05,0.000567726343682
0.000655846843417,8.06637827752202E-05,0.002698561603965,6.93616266065113E-05,2.43019530104706E-06
6.62561746858677E-05,0.000530550891419,2.14639199010464E-05,0.000127034946657,0.001529396802224
2.81329988728711E-05,0.001451631221272,0.000148685802706,8.87100632282726E-05,0.00032369790401
0.000234201072442,0.000497816715081,0.000294468759948,0.0004391774864,0.000217863999054
0.000700013367343,0.000157589205608,0.000159114314076,0.000185023053677,0.000495277375687
0.000178723314715,0.000300747136807,1.93360803428092E-06,0.00423003946786,0.00052918271071
0.001079353220067,0.000241729794102,0.000623503903839,0.000440309047878,0.002114298640211
0.000842354334824,0.000564925071654,0.00234997194983,0.001362472823449,4.75451694004898E-06
0.000769575445014,0.000448866859063,0.000676776219065,2.54581277287329E-05,0.001165181831799
1.23104705006373E-05,0.001527781808662,0.000345596454839,9.41946267214735E-05,0.00035980571391
0.000349964488214,0.000628843597305,0.000200889403833,0.000263123147284,5.06363622081776E-05
0.000128027257146,0.000217231570739,0.000269159763378,0.000113824595632,0.00045762183536
2.82071468316675E-05,0.000716312079354,0.001597676685053,9.04205326007216E-05,0.000245776421587
0.00048407730408,0.000524567225414,0.001320573651416,6.87379601379991E-05,0.000265672308803
0.000132751414641,0.00034646159235,0.000159828391311,0.000226525005088,0.000528340975863
0.000466933615413,0.000176353880592,0.000209983773509,0.000453401588824,0.000362814740741
2.43932804969795E-05,4.87295911659845E-05,0.002116487471494,0.000108645881068,0.0004419587881
0.000160886140008,0.000166236263348,0.000431345954556,0.000364689322005,0.000361690386455
0.000141676805618,9.03642838565935E-05,0.000411231279138,0.000383493113017,0.000380932595548
0.000100131451425,0.000691758471808,0.000194941891529,0.000155726363523,0.001765485557063
0.001069890567154,0.000445215523759,6.1243865138112E-05,0.00297801275528,0.000225905518798
0.000136631795318,4.79895010512626E-05,0.000103521403538,0.000296947893891,0.000572370194074
0.000801881617982,0.006111909530589,0.007895834481223,2.2084076889247E-05,3.61664006466402E-05
0.000164143144313,0.000288406779268,0.000464106176189,0.000141803395483,0.000184390257277
0.000308746242532,0.00013972470382,6.41713784424976E-05,0.000502250453225,0.004530195834615
0.000115219436283,0.000135836645764,0.000345192666275,0.000443058311971,0.000867060563662
0.001387962813214,0.000486481263957,0.000272389012005,6.54488182071575E-05,5.330649666266E-05
0.000134975709794,0.000341744199601,0.000786032720875,0.000429734229864,0.00019480996707
0.000372027299474,0.000107953070549,0.000569300946756,0.000175565835356,0.000473820694583
0.000334035796892,0.000558194914752,0.001640773785379,1.33045853723205E-05,0.00015793004129
5.97000186119263E-05,0.001232813474103,0.000723396525517,0.000195712195347,9.55787512337245E-05
0.000667304142559,0.000906568421807,5.30656785141624E-06,0.000457590248523,0.001332502487857
0.000884182475521,0.000230055568153,8.69439468042184E-05,9.14030024355539E-05,0.001172216801914
0.00122297690901,0.00057515697756,0.000537734970688,7.73399973195443E-05,6.57100008367669E-05
0.0005268536425,0.000316547786291,4.64657212601382E-05,0.000969867363308,0.001184407196283
0.009241599477765,0.005209756711174,4.59298209357364E-05,9.15414161263144E-06,0.010969658859638
0.000142621588557,0.000155973545207,0.000405689228258,0.000321879981674,0.000673943215514
0.000505210622302,6.9455858720063E-05,0.000394045504386,0.000405187156926,0.000100639099217
8.07496565278963E-05,9.67136686974985E-05,0.000458519197497,0.000691494567165,0.000433376854438
0.000176317174152,0.000216357840683,8.61468116641917E-05,0.000899360666104,0.001229741558995
0.000216514908593,6.14846967292287E-05,6.75391073874341E-05,0.000555716838379,0.000176841257424
1.91926610774363E-05,4.91491844008066E-06,0.000227424781762,0.00023292119349,0.004419139023979
0.000270416378519,0.000211057522069,0.000211426907896,0.000203528130865,0.000246380182406
0.000371240703559,0.000197290444409,0.000287693370554,0.000155238986196,0.000299178962675
0.000315225503512,0.000259425338463,0.000139264814787,0.000537789662646,0.000615980400955
0.000175661045945,0.000283275579143,0.000486332923477,0.00049169288308,0.000555426755368
0.000286901820525,0.00115749706062,0.001020109641912,4.93022875543078E-05,0.001689172523814
0.000316465873739,0.000337522004659,0.001371395989788,7.09658584319517E-06,3.70620765204879E-05
0.000532224343836,0.00023356566906,0.000458689059318,0.000121125640682,5.2452834919873E-05
0.001096145429616,3.35228700509325E-05,0.001069640903989,0.000118007708777,0.00048573292877
5.59782545170397E-06,0.000318820459662,0.001966238455455,0.000532431877721,0.001553146388929
0.000361852382794,0.000378175218461,6.34415802691555E-05,0.000324988703655,0.000403231659555
0.001579447104737,3.01740927771301E-05,0.006265091421013,6.90009362991873E-06,0.001632627791299
0.000106227227931,0.000350596626109,0.000288941399489,0.000376404149868,0.000189319663131
9.12549604361994E-05,0.000698173323037,5.9917767910521E-05,0.000714113538059,5.47034094178123E-05
0.00032820933453,0.000106344675735,0.000407551175294,0.000766489476011,0.001061935769308
0.000426427287195,0.000146157937094,0.000564775067388,0.000558509571053,0.000324257583681
6.96257830345101E-05,0.000118016420073,0.000188844790646,0.002074162175898,0.000642053562289
0.001690534151961,5.2832788156557E-05,6.62467972012147E-05,0.000160321112153,0.000199087358375
0.000274863911923,0.000307985136596,0.000449503998006,0.001066168011147,5.36156566508032E-05
0.00085804587864,0.000222259314197,0.001213952602111,0.000156217878443,0.000539541179108
0.000148889289809,0.000256358385107,0.000258979718549,0.000310710063519,0.000314681156947
0.000346369092732,0.000116191381974,0.000360652322443,0.0003625106851,0.000396938748421
0.000701263959078,0.000363765850912,3.81142880714161E-05,0.000112761556741,0.00034109143506
0.00015305554573,0.001045755862622,0.000273872237985,0.000230516114151,5.82726519586629E-06
8.06926146031768E-06,0.008806660486118,3.47037993314824E-06,0.000264589168593,0.002299542855255
0.000140253684421,0.000875848461862,0.00015454141983,0.003780758968208,0.000217098960957
0.000166313538599,0.00018622844333,4.04572719102001E-05,0.001609930425549,0.000164867458235
0.000240313128237,0.000243589518681,0.000299708346229,0.000198248761037,0.000327702302004
0.000263072955992,0.000155080132237,6.1820690541178E-05,0.000430674492094,0.000206892926055
0.000470783870214,0.000444107472931,0.000722722574159,0.000144177523886,9.94016545707353E-05
0.000687228526242,0.000707187157286,0.001843476630551,8.73138157079932E-05,4.17356963315432E-05
0.000196407197037,0.000655960087351,0.000102924046426,8.51761610075255E-05,0.000545555612904
0.001138583445133,0.000197545226705,0.000195515412361,0.001622665326452,9.95589674364836E-06
0.000285810808829,3.7244284276471E-05,0.000297132646014,6.07022092717787E-05,0.001685763818913
0.000487874061414,6.56588060464037E-05,0.000412021420938,6.81095973293507E-05,0.001080059252047
0.000247935993173,0.00084442652482,0.000124202511441,8.10264527394291E-05,0.00029894305525
0.000529589818566,0.00023008438839,0.000176106426709,0.000395728578222,0.000332533535643
0.000286561956482,0.000651581140163,5.89624518272636E-05,0.000134449333879,0.00032789497086
0.000145049370485,0.000102874265265,0.000185493128281,0.000206733065955,0.000510529498006
7.95529477900623E-05,0.000150732351537,0.000187354545862,0.000950959130078,0.000134910782541
0.000105078574749,0.001601671439982,2.80359009632748E-05,0.000527668419777,0.000267649866904
0.000275844348964,0.000947619211373,3.83941749026565E-05,9.29241500943855E-05,0.000241471139803
0.000139769357322,0.000110907644592,0.000114732021756,0.000381526583668,0.00056189382876
0.000123206906053,1.04979631676247E-05,0.00152834529116,0.001613222651156,6.41870015040938E-05
0.000378526406025,0.000540023576453,0.000523771586431,0.000245565972948,0.000372956706934
0.001315288261234,0.001788924767765,1.26118753461925E-05,0.002156798801561,0.002561807501855
0.000187393698797,0.000311230172722,0.000383393645759,0.000256426246388,0.000157548319779
0.000497590925674,0.000429261237307,0.000818018324565,6.11396400831382E-05,0.00056641894647
0.000227189619185,3.64698815635426E-05,0.000861435271296,0.000393268219846,0.000413260627866
0.000915273301241,0.000229290152518,0.000353857899656,0.000443499569128,0.000329522258749
0.000460873705342,0.000102732780653,0.001276560421806,4.14362837645306E-05,0.001281517898364
6.35622935268596E-05,0.002192676438795,0.000120095194843,0.000717567785438,0.002414675727499
3.5528399856236E-05,0.002050899077799,0.002997510093051,0.000149713377298,0.001514131739616
0.000212879250832,0.001129132015214,0.00050320440258,0.000120437458332,0.000244457420222
0.000153489976705,0.000341729005268,0.000148751849875,0.000144544074163,0.000341139588996
5.2589317707044E-05,0.000310312316059,0.001473374375281,0.002090852953548,0.001975139287145
0.000103021711052,9.65950255078611E-07,1.1815120102512E-07,0.00330274056954,0.00536462961997
0.000528534123713,0.000793443912067,0.000270197457816,0.000510083886132,0.000154495315207
0.001186242176873,0.000165705823541,0.000358000552151,0.000433410670052,0.000352489752135
0.001023289037105,0.000557739971539,0.000208909403185,0.000248317531095,0.00018110096856
0.000570922992321,0.000547122817054,0.000258061596518,0.0002490408405,0.000142031103937
8.04138391309982E-05,0.000275614917647,0.000361334722853,0.001459090538055,6.23573732371495E-05
0.000807034997659,0.001378993004021,4.93221484182867E-05,6.47644781740807E-05,0.000723159768882
0.000581793324125,0.000181649027909,0.00117116432998,1.40290577876188E-05,0.000456466211872
4.37745184337059E-05,0.000822888355147,2.63778472172649E-05,0.002741020990411,0.00299340311958
0.002974936235054,0.002632347603436,4.06751110248511E-05,0.000813806423864,1.68375313116406E-05
0.00018951761008,0.000263379026983,0.00049557363416,0.001469249974508,0.000121575210582
0.002683372951324,3.67924667765722E-05,0.003615529338175,2.71374905341384E-06,3.28597037312792E-05
0.001302610672009,6.94334208027317E-05,0.001064851263592,0.000100443336521,0.000325957238853
2.53321058215037E-05,0.000163139030927,0.010080095191332,0.007459752390878,4.98628393199401E-05
0.000306933467015,0.000453618310323,0.000215900472703,0.000780600600633,3.61074661599441E-05
0.000664808855763,0.00021679659183,0.000374151392359,0.000224179206214,0.000463430412661
0.000843335747353,0.000793555302811,0.000398911341669,0.000217553635162,0.000115432033972
0.00018223552615,0.000161182372541,0.000331220069378,0.000923864845658,0.000430481289897
7.10659857953217E-06,0.002972194377412,0.000927308447363,0.00303473360987,3.58069537021296E-05
0.000129325126483,0.000122494285035,0.000431277421614,0.001480919329604,0.000170943763486
8.30011789204411E-05,0.000547467839043,0.000185282240984,0.000253505084906,0.000244595449153
6.34384497428967E-05,0.000269083215207,0.000742771660916,0.000674516906161,0.000204622870331
0.001572110816323,0.000153736138825,0.000269192947577,0.000461946038031,0.000168784763894
7.22260583847046E-05,0.002524667336671,0.001069577994446,0.000624841133706,1.1729806012713E-05
0.001642175922275,0.003421586992754,0.001432595346144,6.46321911141123E-06,0.000194563218715
4.35819427422497E-06,4.36186512538505E-06,0.007113464964435,0.016093504842535,0.000481478711236
0.000418212334049,0.000642420778229,0.000577322447253,9.46959449999843E-05,7.16469492262093E-05
0.000423588983387,0.001031934060753,0.000669747383035,0.000163244379341,0.000121260944361
0.00030491426901,0.000876016333203,0.001163548606793,0.000621700566216,3.07355099062923E-05
0.001703097699131,0.000161724691829,0.00085802447358,2.08828030205252E-05,0.000334241798027
0.002753415864866,0.004053394694682,0.001352065438993,1.44168464938832E-05,0.000450617844043
0.00023708655354,0.000108540492393,0.001129872204724,0.000516115253816,0.000328017139148
0.001281593020221,0.000261728011949,6.58703283138499E-05,0.000305101462293,0.000641282222031
2.55982622341929E-05,0.001930732248161,0.000721383160382,0.001539921169518,0.001734943849354
0.000250180547866,0.001492962237998,5.73954174098136E-05,0.000342064958359,0.000133130395913
0.000193915111523,0.000319229175212,3.50326010332443E-05,0.000197065769493,0.000568574651742
0.021191218388544,1.01108241798837E-08,0.012514177023767,0.018377184746318,9.44950686381291E-08
0.000264385703013,2.64620626194875E-05,0.000978572914275,7.91721392199073E-05,0.000161415560206
0.001042044818073,0.000362387071635,0.000294648095555,0.000221863691241,0.000324912910672
0.000344742789413,0.000384637305419,0.000902081700908,0.000504171541908,5.5845281381099E-05
0.000960909364457,0.000867056666088,0.000279411055532,3.59228334939835E-05,0.00029329975716
0.000343311559151,0.000505830486207,3.83530556978732E-05,0.000424793674267,0.000417348960016
0.00116509824783,0.000162581404839,0.000915242884754,0.000905057092643,0.00012105292618
0.000189884754148,1.14328235037505E-06,0.001202915585211,0.006208803225675,0.001497655397936
0.000219368142938,1.89086952247574E-05,0.000988428107595,0.000789004832653,0.000196101713262
7.68558947269049E-05,0.002031749529845,0.000186396530988,0.002435577546425,0.000838405032033
0.00033302179171,0.000236561476632,0.000181167476577,0.000220614436261,0.000485915150676
0.000115608561864,0.000133398079733,0.000156302968396,0.000278870164828,0.000473194488138
8.38149398440077E-06,8.58562432617536E-05,0.002831035368471,0.002927914452998,6.61943721725231E-05
0.000299233378177,0.000158666207439,0.000230725149056,0.000997141432606,6.45680048060737E-05
0.002809255081595,0.000171180303689,8.85025489012959E-05,0.000120463999415,4.74302072004356E-05
0.000143827849708,0.000224088123352,0.000263537511266,0.000634209085082,0.000427626082235
0.000606912814464,0.000133525845703,0.000669756994626,0.000169286496157,0.000793853415429
0.00030038610077,0.000267350072161,0.001011831564023,2.37071638353149E-05,3.1859184386112E-05
0.000828224182452,0.000307004825669,0.000721731790951,0.000166941433147,8.91334034199779E-05
0.000199699609637,0.000343894821825,0.000503485182819,0.001895367857432,0.000173131674262
0.000347537222609,0.00075425471485,4.41751735784038E-05,0.000113791559994,9.22856336655912E-05
0.000606511336893,0.000106262386305,0.000107122630903,0.000117139791258,0.00095175162263
0.000678995614554,0.000732481317779,6.73379238017912E-05,4.74373193546743E-05,0.000137829968911
0.000779781353847,0.000858132451961,6.45062488776186E-05,0.00059724909643,0.001045384102609
0.000193510503937,0.00035258754414,6.91552443324126E-05,0.000507228195363,0.000412866984357
0.000229899530238,0.000599657843173,0.000387676912213,0.000748430389275,8.4382552596455E-05
0.000160234767111,0.000486714396526,8.54728536321715E-05,0.000734579017945,0.000756314008054
0.000346844145524,0.000339744512681,0.00029552139132,0.000224178806515,0.000312071762399
0.000169225844615,0.000205999490725,0.001157404383346,7.11651115406795E-05,0.000668826987928
0.000143681981789,0.000412791264947,0.000357200865998,0.00037566403818,0.000435470646913
1.52044905095024E-06,0.010511413867869,0.00026796640382,2.23807318435021E-06,0.010898570964482
8.49478851088444E-05,0.000195231776179,0.000582301460184,0.000243378387644,0.000425476811889
0.00034013262829,0.000598613749433,0.000584625226118,0.000338419897209,9.76634725659729E-05
0.000469406576717,0.000970799815465,0.000110711453246,3.51006166339213E-05,0.000282793612747
0.000349376072256,7.39961130564702E-05,0.000333096664508,7.00737764424936E-05,0.000218683531241
0.000583445274074,4.96406282747385E-05,0.000814259916501,2.67296555484284E-05,0.000729215555887
0.000581704826395,0.000784635388416,0.000149515443023,0.001585548932513,0.00016109488207
0.000547102977221,0.000415198416118,0.000178319572396,0.000190837015297,0.000372032934882
0.00130594179822,0.001202401677197,0.000113627502275,5.22985131654568E-05,0.000186150980515
0.002946025398408,9.5491177271876E-06,0.002091685788331,1.4862673952072E-05,0.001313703262353
0.0002648439706,0.000305330793759,0.000335410879613,0.00027988123754,0.000253823572177
0.000216573650398,0.000191537511825,0.000853204280966,0.000190218494063,0.000510621924238
0.000307672560286,6.59320444065431E-05,0.000155289841125,0.000672739040317,0.000989989720864
0.000418879720205,0.000341298119958,3.86766091712723E-05,0.000200009176638,6.09039466716443E-05
0.000208431388697,0.00064883662442,0.000638053788457,0.000674391026221,0.000455342771908
0.000474726482949,0.000494190457029,0.000260138356286,0.001026450836289,6.13428282426627E-05
0.000586614525488,0.001423990567957,0.000349585984081,0.000474876796775,0.000137279037578
0.001242636802453,0.001293223133795,5.64090446988734E-05,0.000484982194356,0.000879963819131
0.000384143387029,0.000498419980394,0.000442198130042,0.000361032597779,0.000677437265274
0.000640082842084,0.002755974990117,0.000162398855289,0.001541928674174,0.000111629892503
0.002902069576524,0.009043543550564,0.000294421459833,4.15897724497266E-07,0.00211547401408
0.000153911456148,0.000977027075051,9.54547885672435E-05,1.88615344120673E-05,0.000889842761232
0.00217531102822,1.85651586548275E-05,4.86367811287077E-05,0.000279088547211,0.00119577554177
6.08661952917562E-05,0.000353221401583,0.000418566339881,0.000359690970018,0.000923976619258
0.000472770625013,2.22965422306987E-05,0.000309374739695,0.000953566699368,0.000350641689622
4.43232245874397E-05,0.002785427804917,2.79038304127073E-05,0.000793552373506,0.002053565352176
0.000470707416313,0.000223211635215,0.000186960666064,0.000188959179179,0.000557364960101
0.004336138585264,1.01235084423256E-05,0.000962221278527,3.66265753669053E-06,7.34510906539811E-05
0.000593364995395,0.000210858128262,0.000125837741723,0.000791218366809,0.000121961417757
3.05797864152686E-08,0.005243893260564,0.017466811925925,1.56071643319332E-05,0.002119082263311
0.000261175789572,0.000211334166948,0.000425046932889,0.000521109396087,0.000206350491722
0.000896327502164,0.000420090752785,0.000972047946856,0.000179172520423,0.000238757325853
0.000662933912122,0.000170203309246,0.000502205955846,8.59174425341517E-05,0.000447277352095
0.001702097503997,3.67898459817952E-05,0.000286898346059,0.000172437516308,0.000755361412967
0.000283718978655,1.06680916361031E-05,0.001076801685029,0.000349681633123,0.000834412349354
0.000782156809886,0.000134181732625,0.000128201118917,0.000236080327583,0.000270522681034
0.000204813044639,0.000127339631265,0.001815810857869,7.30053650259174E-05,0.000453918722347
2.5085705149748E-05,0.000259018668606,0.001184527902931,0.000435040436001,0.000756142604699
0.000185874513661,0.000134022635712,0.000165582838444,0.00123942375428,0.00043065112025
8.84213168835375E-05,0.000922573870366,0.00216519601344,0.000862602647776,6.82987470921467E-05
1.40987213897663E-05,0.00249445896546,0.00241259636471,0.000195533311492,1.18071021991837E-06
0.000506460042477,0.000216295205566,0.000513891376045,0.001246891683072,0.000256002913088
3.95168999159265E-05,0.000231607123059,0.000624059421461,0.000738390398609,0.000262954119478
0.000205734707347,0.00016716499916,0.000236460741778,0.000221360076796,0.000956849444348
5.95315726210796E-05,0.000255880445501,0.000565866883443,8.37334908972766E-05,0.001611953051447
1.78681960564979E-05,0.000407333090212,0.001681060357117,0.000188430682475,8.40383485398563E-05
0.000266818442373,0.000119469721765,0.000119712894665,0.000789393550816,8.98433339527408E-05
0.000127563218358,7.21258989432779E-05,0.000198879972791,0.000469783750652,0.000810409398983
0.000235222258689,0.000126053682678,0.001810437314303,0.000163877326809,2.70680027428866E-05
0.000312375298825,0.000142337890502,0.000146104776118,0.001520494770778,0.000209411023934
0.000862782469705,0.000205957122356,0.000147164243597,0.001127834138042,0.001991078715062
0.001213600604143,0.000275233441133,0.000161060188483,0.000352287810747,0.000247003911145
0.000345440489751,0.00021722917528,0.000407277270546,0.000513277458796,7.76879285133088E-05
0.000141998586207,0.000251385592551,0.000158075109007,0.001041045765268,0.00041229786889
4.96515950428441E-05,0.000384620701845,0.001342917849042,0.000164939818609,0.000452521869305
0.000675658717626,0.001106444215421,0.000389256314381,7.69288513186004E-05,0.000499019776534
0.000534384077393,7.14190730189369E-05,0.000388688191625,0.000159626540496,0.000299381953131
0.000146814203115,0.00177640919759,0.000723712666351,2.05210829616822E-05,0.000672706867037
0.000374383095614,0.000315699926586,0.001823407160031,6.40931201029776E-05,0.000103574148849
0.000309419117085,0.000586568660826,0.000304541775659,0.000493413790403,0.000285676546196
0.001902628806166,6.37283178992708E-05,0.00018413321095,0.000376646374933,0.000863730663771
0.000182345562446,6.35806952490303E-05,0.001497201984023,2.25188595530718E-05,0.000802705497217
0.000302933746752,0.002440059630745,0.001543986069012,6.93313634166079E-05,5.67978208969142E-05
0.002627834374926,8.33013092249111E-06,1.85717713064793E-05,0.000317553762994,0.00017938691234
0.000778183484975,0.000154144498629,0.000735497804703,0.000251544772279,0.000417315764055
4.01538525634963E-05,0.000748958811987,0.006930528584823,0.003072822797728,1.62657950414852E-05
0.001266530828889,0.00010067192527,0.000621297078704,6.63980616078299E-05,0.000712905220209
0.000837398291024,0.000236561238306,0.000323294014817,6.73476673335261E-05,0.000264965722574
7.33062496013289E-05,9.06690302875975E-05,0.000856329081629,8.71469146217019E-05,0.001133647706576
2.1568872727076E-05,0.004831435803813,2.72092394927241E-06,0.004257032205202,3.84546135289907E-06
0.000101867153723,0.000123833073413,0.000147210783478,0.000902522481779,0.000886658417803
0.000187998149828,0.000513010999363,0.000803074358416,7.55463793150261E-05,0.000996598632695
0.000117655179515,0.000498792637299,0.000134623124362,6.93102638069101E-05,0.000478329133844
0.000666456081085,3.19128009938933E-06,0.003984348937518,0.000721776399933,2.07254346407975E-05
0.002017502945963,0.000539435626488,0.000265324879107,0.001597276188208,0.000246171148066
6.62358120336777E-05,0.001054614848146,0.000178631740007,0.000141916131516,6.38889842870526E-05
0.000358012411816,0.000242447119542,0.000387995122685,0.000362733239442,0.00017185227953
0.000160678371115,0.000171129925019,6.58707601811474E-05,0.000171713056924,0.000751941995073
0.000838831379428,0.000150358897446,4.06763464989585E-05,0.000188887021833,0.000204721138278
0.000537529060596,0.000876103501786,0.000520687948339,9.89045601724547E-05,2.74157048383775E-05
0.000850017333303,0.000547196548967,0.000408095356694,0.000403751344472,6.78901130636116E-05
0.000686063502519,0.000212210376325,8.84437675137723E-05,0.000151606896549,8.87667572414152E-05
0.000736758226347,0.000144095277729,0.000363225099187,0.000671291881979,0.000599639295023
0.000256502536311,0.000251944722926,0.00080678288809,0.000397603123773,7.4919178433989E-05
0.000337506583044,0.000305206966978,0.000313951096821,0.000258719971666,6.68453673898242E-05
0.00023884639406,0.003167452254773,0.000189744362977,0.001808316057446,0.000675480716381
0.000370463614174,0.000251623406438,0.00023858445919,0.000775404964337,0.000619524043366
0.000590007980446,0.000481096398905,0.000601378065165,0.000391522404075,9.26215554514336E-05
0.000141081836903,0.000207955701546,0.000323114360882,0.000325700439262,0.000389140973002
0.000533879386462,0.000998344798852,3.68091414910874E-05,0.000103267132363,0.00020864543495
2.39981452761839E-05,0.000149680318159,0.000601254276404,0.000261526645533,0.001500948761002
0.000278076024884,0.000266477744148,0.000313611629545,6.18785545271259E-05,0.000352291823034
0.000296493505883,0.000526938745697,9.76603867268869E-05,0.000434608057864,0.000438193490039
0.000505235929908,0.000364356479792,0.000220523243575,0.000275601109307,0.000239382997354
0.002554678064743,0.000877534291146,0.000728289092037,0.000203060723899,0.00079473046659
0.000611687410211,0.000533725681948,0.000130747027792,0.000174207662926,0.000107903795584
0.001182222661724,8.24286485743632E-05,0.000472707445666,0.001489415217482,3.05359875076725E-05
0.000235430840348,0.001093477716556,4.57807951513534E-05,0.000185135199134,0.002341671477648
0.000104861470334,9.61951592156002E-05,0.000630978683825,0.000154123482013,0.000202112233581
0.00025993022492,1.01765355133657E-05,0.000585884353968,0.001690483417163,0.001639520364187
0.000350691383427,4.62911202339655E-05,0.000837174922029,0.00212072071749,0.00040250207906
0.000139744242734,0.000307485645778,0.000513001461222,0.000326078231036,0.000452824071221
0.000411229337939,9.67298335415214E-05,0.000328673398188,0.000714068790522,0.000161574278821
0.000337452375028,0.000421978790537,0.000442670895762,0.000199642312012,5.72346878286552E-05
0.000131723153839,0.004350014061795,0.000730830856966,1.02285210052631E-05,9.77098352096411E-06
0.000166150990961,0.000150366789501,0.000849784289936,0.000112845148029,5.86328251031456E-05
0.000852488749604,0.002587360710343,0.000278248819817,0.000893189797355,0.000157041565504
8.38795647857661E-05,0.000386501552143,0.000931965902108,0.00069231288177,0.000316930721725
9.82614526281442E-05,0.000807474839247,0.000824814270293,0.001022916189097,1.72251669850925E-05
0.000127412442404,0.000284761304345,0.001450483717261,2.44651683538288E-05,0.000482021601936
1.56751863736925E-05,0.000411373773791,0.002255329320347,0.00020021158142,0.000107699785064
0.000110468890474,0.000574757777757,8.68881289829419E-05,0.000671366646349,0.000198042774316
7.48211638693731E-05,0.000234855014081,0.001301972631973,0.000654455481464,0.000865673345766
0.000265607099935,0.000510862347711,0.001014031110835,5.52704833058805E-05,6.71674659720459E-05
6.20265260940284E-05,0.000280437478766,0.003654018290973,5.19039430808175E-05,3.46921486534094E-05
0.000172230457212,0.000142493583986,0.000307012950651,0.001353594691489,0.000128034117916
0.00017192488618,0.000290451888452,0.00112518334921,0.0006382848955,9.88348740656051E-05
0.000232019443189,0.000194748001297,0.000481222362748,0.000413160150318,0.000398228412573
0.000198010665742,3.67065500386911E-05,0.000372134129718,0.000284633998782,0.00052000179207
0.002511436437352,0.002205867188742,3.83710490729268E-05,0.000711637604982,0.000120224379266
0.000235564090253,0.000210611492769,0.001189775457711,0.000173408811172,0.000186569723858
0.000214817659254,0.000136237633401,0.00094122574699,6.56781744325567E-05,0.000783436073492
7.61756447816318E-05,0.000105612336164,0.00043575106359,0.001039465880871,0.000368094615982
0.000373400457483,0.001342461824264,0.003062857047407,0.000783909039578,0.00025124964858
0.000203925505706,0.000730616245619,0.000375388876568,0.000109517941778,0.00054785278612
0.000275748392101,0.000414557898569,3.04564919716677E-05,0.000516567741799,0.000660025739897
0.001647955144151,6.63619992847904E-05,0.000629857321084,0.003609926652063,1.34526490641899E-05
0.002058174237413,0.001052552926803,4.11226990595809E-05,0.000340648572744,8.05403244029663E-05
0.0004549793775,0.000273901044601,0.000204999966754,0.000542392195919,0.00040894219874
0.000327271359333,0.000290835744973,0.000147890707577,0.000248045440858,0.000114463871298
0.000343793725752,8.49866698159149E-05,0.000202145816491,0.000331483834335,0.000243766221169
0.000853686055977,0.000388865390625,0.000231943667076,0.000114291735976,0.000196038886882
0.00166707585821,8.02049842316051E-05,9.85687817946886E-05,0.000112080531506,0.000113548640784
0.0008444927066,0.002909425031429,0.000119326732014,0.000457003431861,0.000976777178349
0.002453839291504,2.57486136911387E-05,0.00117605772545,0.00039163448078,2.6820357037993E-05
7.65080945619807E-05,0.000289826858286,0.000156395855398,0.000235368037191,0.000294378757027
0.000958504178558,0.000175927586482,0.000397146853483,0.000340881621528,0.000830121729446
0.001338336743816,0.001236426108013,0.000149747124481,0.000101342838194,2.340487497298E-05
0.001319539476866,3.81199217583015E-05,0.0004165194298,0.000151685871418,0.000131623875675
0.000300238240519,0.000275875475352,0.000128530556691,0.000458569494348,0.000243955651478
0.000281904021311,5.72933534793644E-05,0.000281504777283,0.000829826014923,0.000779207184267
0.00011970061194,0.000120593301671,0.000463298967579,0.00031042254611,0.000666952451554
0.000696101328678,0.000141229849809,6.57308298913629E-05,0.000684463319777,0.000215545889404
0.000631294998541,0.000314652327429,0.000462486370544,9.63924010955978E-05,0.000438950506238
0.000123519826797,0.000203327229171,2.18271979604929E-05,0.001458434529239,0.000756186966874
0.000611372902266,0.001181943935091,6.14218946297018E-06,1.76128361306238E-05,0.002776097020604
8.36682365089912E-05,0.000822385442128,0.000208410736937,0.000187812440846,0.000566807035914
0.00038440804442,0.001192055349115,0.000116142079456,0.001993091012675,0.000886588337693
0.000165040545231,0.000126981053527,0.000555860887805,0.000346188726161,0.000360617215731
0.000139511216794,0.000781935250027,3.90390386846343E-05,0.000218366423002,1.55187234584139E-05
0.000138251268691,0.000224606209192,0.001943847569068,0.000443084911294,0.000294992997671
0.000402046013206,1.07803992918202E-06,0.010700880755141,0.00440459803747,8.1416866262238E-05
0.000170529653684,0.000105562860914,0.000600333456956,0.000330791953857,6.44372421268743E-05
0.001165854379738,0.000709842339832,0.000786005016761,0.000112691285556,0.000759851679362
3.91380119093459E-06,0.000169327174037,0.002687169795048,9.62118329668743E-05,0.00016082085035
0.002033605887329,0.00057521866862,0.000640937545692,0.00011624808161,0.000160730977013
0.004136161805839,2.05756574365045E-05,0.001007636445446,0.001409079009636,0.001180365217027
0.033067959534851,3.61701161864883E-07,3.15133372762278E-08,9.22671138171744E-05,0.041150338318797
0.000176375431087,2.48590264718868E-05,0.000399597411933,0.001097855777551,0.000137542643567
7.09204223741654E-05,0.000256487047205,0.000765521774783,0.000698163269876,0.000203380888267
0.000234087423311,0.000142691267808,0.000855358438766,0.000615975969524,0.000649537725093
0.000163325434273,0.000454506934693,0.000278702935149,0.000593327540682,0.000190643714714
0.000190395127856,0.000125868577169,0.000267867092412,3.10733911953871E-05,0.001845406130765
1.37888845926621E-05,0.000142777623366,0.000152006300894,0.000817376888861,0.000377902253382
0.002558604213438,0.001711415621631,0.000119524950149,0.000176866195096,8.26394458918161E-07
5.47217756689434E-05,0.005074915497832,0.000816530030877,0.00123447521548,7.91235387087765E-06
0.000167098912436,0.000349723811084,0.000403428123434,0.000690273738874,0.000209229473662
0.001444504577382,0.000624519649679,9.24775694691881E-05,3.88850446081719E-05,0.000424886511204
0.00011355953684,0.000609556600165,0.000139249731343,0.000321597167254,0.000991224957802
0.000127170057781,0.003107204797168,2.47706173712745E-05,0.002640400241279,4.40906729549039E-05
0.000249833387125,0.000287969648512,0.000603108785578,0.000315950424878,0.000245396649264
3.04647746883947E-05,0.001503419920648,0.000239656991628,0.002418868971859,0.000166715227394
0.000134175155716,4.18870453448596E-05,0.000801759638228,0.001487060303567,0.000112685156728
3.4201192186299E-05,0.002380055736688,6.63852700855129E-05,0.000358487371658,1.2996907496369E-05
0.000464329711272,6.07897513399607E-05,0.000241391292238,0.000373095307985,0.000164198613526
7.83031090711641E-05,0.000408208201626,0.000303472572265,0.000679131540874,0.000468854003917
0.00041477002694,0.000457117253925,7.18713446449744E-05,0.000275276252596,0.00016786948891
0.000105988794741,0.000829149464122,8.24946888257819E-05,0.000155853107877,0.003732183097698
0.000456929860078,0.001664100468307,0.000262703356208,0.001165238045104,0.000952739826352
0.000162092753277,0.000358303036567,0.000341533749608,0.000561687572165,0.000167500029557
0.000283810024426,0.000622733496899,1.18143402220297E-05,0.000293593848625,0.00089625212323
0.000643699814396,0.000294681709321,0.000319958422581,0.000158850161881,0.000365035795226
0.000234540268314,2.91364017683996E-05,0.000831503034702,0.000595052146543,1.56538064215495E-05
1.42933188264507E-06,8.38214940883994E-05,0.000943499007213,0.000933701824634,0.000802283166914
0.000195551175039,1.0539256811711E-05,0.003570971621341,0.000792747891636,9.08537673464622E-05
0.000122250706471,2.7292338852241E-05,0.000239000075586,0.000236984421808,0.001024198818833
5.70721530877284E-05,9.08909721382912E-05,0.000611892579993,0.001075453764614,0.000510809154153
0.00023050169479,0.000270677958229,0.001199808396916,0.000168536648514,0.000146699713195
0.000698756836822,0.000647384258369,0.000831124857052,0.00014736338897,0.000161879829598
0.000262750687243,0.000370388154927,0.000123772246554,0.000322121128512,0.000167441625137
0.00082564145635,0.000920359317715,3.09704521763219E-05,0.000283362272798,5.11235594671997E-05
0.000211854959589,0.000442957529329,0.000248511333319,0.00035112446844,0.000281562551482
0.000265547137189,0.000416298858413,0.000592355974603,0.000387319688777,0.000541846058553
1.22384952926265E-05,0.018623978467769,1.04370662648048E-08,0.03562247446841,0.014122133551756
0.000370043339644,0.000211497754925,0.00014454040836,7.70656995532381E-05,0.002499059757763
0.000115794434321,0.000262700398374,0.000380048619435,0.001016871412582,0.000548260490856
0.000370421090228,6.79093653832941E-05,0.000187546349234,0.000137125284716,0.000273052034162
0.002464096841977,0.000278012759457,5.5121026795085E-05,7.86756478940406E-05,8.23769350244625E-05
0.000472870897956,5.02256452598267E-05,9.91780880447512E-05,0.000659833454382,0.000257983898507
0.000385283256252,4.75979268569994E-05,9.23731072525632E-05,0.000949301850843,0.000367861360667
9.52849277241383E-06,0.00185886737588,4.06657017194057E-05,0.001266776196616,0.001532782665319
0.000478860236684,0.000105254338678,6.9822384269783E-05,0.001089468683368,0.000426257698224
0.000146636984229,0.000239579646743,0.000136432270774,0.000487322923189,0.000364096243318
0.000101158142582,0.000208438776955,0.000701655608586,3.62468063383517E-05,0.002292369236291
0.000759183114337,0.005071772733701,0.000206080786328,2.31874127632342E-06,0.004096970766159
4.2722913901927E-05,0.000431953128042,9.20121033080101E-05,0.000402718722214,0.000811502428141
0.000731094225191,0.000160168742315,0.000255371226963,0.000198469889047,0.000356833620469
0.000437051575734,0.000429591431074,0.000245926254488,0.001428529257866,0.000704263290912
0.002044664881116,0.000139836879614,6.0111653074095E-05,0.000791001913849,0.000726124477191
0.000369897850406,0.000663070202735,0.000630649144261,0.000181518137167,0.00010730796002
5.00665150109236E-05,8.72408885615476E-05,0.000409615900256,0.001160183161025,0.000376368838923
0.000162852624122,0.000197117960762,0.000224806001984,0.001190032620282,0.000177335631692
0.000102801965394,0.002059742533321,0.003411975951111,0.004974933089549,0.00012276456658
0.000226349114883,3.46631339360598E-05,0.000991705754217,0.000328064679134,0.000365944607158
0.000386929967421,5.14932562368827E-05,0.000129736371822,0.000798292718825,0.000653701235941
1.5252529573953E-05,0.001010540937968,0.000100684788923,0.000652244927428,9.46672327218788E-05
0.002994391820777,6.83148364275921E-05,0.000295963292929,0.000934356522081,6.75022641682194E-05
0.000146777524134,0.000116597966235,0.000309692846741,0.000373848817338,0.00022191067476
0.000486900299675,0.000228806381074,0.000493445913098,0.000190023430657,0.000294265147001
0.000679750702155,0.000330419407115,0.000571911504357,0.000180445013656,0.000598868559916
0.000282016948976,0.000304202056789,0.000191516949241,0.00043281740639,0.000306096854106
0.00023014942179,0.001005107659136,5.66866131607107E-05,0.000707715212305,5.1292275664906E-05
0.000441735210541,3.66317577495188E-05,0.002302728166196,0.001508020633592,0.000602062265818
7.40785580783609E-05,0.00095236116999,0.001159616364588,0.000461686444962,0.000232887670126
0.000741883191659,8.90892550849938E-06,0.001731782349039,0.000675685737084,0.000762150312028
0.000173504842939,6.76027238607137E-05,0.000964858286861,0.000631250721305,0.000515714229188
4.86899508558514E-07,0.005307426130373,0.004739469787276,3.915849186216E-05,7.15818454850458E-05
0.000281115417901,0.000694507983196,0.000420251632902,0.000133218018637,0.000186646158102
0.000547383465668,1.3461027112842E-05,0.002315737465361,0.00049818338959,3.74494674235676E-06
0.000698699114248,0.000265514768374,0.000323960182813,0.000718483759577,0.000429076149702
0.000316465890911,0.000510883354656,0.000357869217357,0.000100846156838,0.000709324126827
0.00104230391638,6.83927523868568E-05,0.000144877926288,0.000844883430336,0.000216262287331
0.000259462418331,0.000872679106597,7.0111893376082E-05,0.000476401286807,1.3845753045637E-05
7.09233320258656E-05,0.000884386815596,0.000280188164705,0.000736183382288,0.000275956318194
3.34421386050344E-05,0.000162655943083,9.29106676759107E-05,0.000745151591626,0.001397401332554
0.000648043769768,0.000969584173749,0.000153828976632,0.00038281979728,0.000351458128826
0.000226882155393,0.000252278860055,0.000490786876653,0.000355662158179,0.000162836818459
0.000859190905847,6.07015360836891E-05,2.66572878647116E-05,0.000420638137126,0.000281246733646
0.001730047123016,0.000281268640782,0.000187743542793,0.000206242771308,0.000424009073719
0.0009052972871,4.18193512268859E-05,9.01409118604006E-05,0.000119131890647,0.000990198241453
5.5351062832167E-05,2.37658927022156E-05,0.000509451548059,0.000576612460027,0.004290946234028
6.29763399061922E-05,0.000292286060336,0.00044966137633,0.00032689905308,0.001373188379595
7.64235730134312E-05,0.000144270743522,0.000184870826289,0.000607313501209,0.001021320489134
0.009607862766319,0.000186008691449,0.005469345118205,0.003104507884403,2.45654523306119E-06
1.98026778554955E-05,0.001835446642462,0.000235286432644,0.000216088389826,8.02474793699091E-05
2.86716935882857E-05,0.000981997976793,0.001097280982965,0.000545708458418,0.000473358466734
0.00096020965081,0.001210644977331,5.87663477322845E-05,0.000165014805418,0.000262212088347
0.000385880086364,0.000502185534308,0.000310049079815,0.000639360037399,0.000479409640121
0.000574656996276,0.001624073224089,0.000230737083206,0.000107182378506,8.11730789590017E-05
