column_number,parameter
1,muX1
2,muX2
3,muX3
4,muX4
5,muX5
6,muX6
7,muX7
8,muX8
9,muX9
10,muX10
11,muX11
12,a11
13,a12
14,a13
15,a14
16,a15
17,a16
18,a17
19,a18
20,a19
21,a110
22,a1_11
23,a21
24,a22
25,a23
26,a24
27,a25
28,a26
29,a27
30,a28
31,a29
32,a210
33,a211
34,a31
35,a32
36,a33
37,a34
38,a35
39,a36
40,a37
41,a38
42,a39
43,a310
44,a311
45,a41
46,a42
47,a43
48,a44
49,a45
50,a46
51,a47
52,a48
53,a49
54,a410
55,a411
56,a51
57,a52
58,a53
59,a54
60,a55
61,a56
62,a57
63,a58
64,a59
65,a510
66,a511
67,a61
68,a62
69,a63
70,a64
71,a65
72,a66
73,a67
74,a68
75,a69
76,a610
77,a611
78,a71
79,a72
80,a73
81,a74
82,a75
83,a76
84,a77
85,a78
86,a79
87,a710
88,a711
89,a81
90,a82
91,a83
92,a84
93,a85
94,a86
95,a87
96,a88
97,a89
98,a810
99,a811
100,a91
101,a92
102,a93
103,a94
104,a95
105,a96
106,a97
107,a98
108,a99
109,a910
110,a911
111,a101
112,a102
113,a103
114,a104
115,a105
116,a106
117,a107
118,a108
119,a109
120,a1010
121,a1011
122,a11_1
123,a112
124,a113
125,a114
126,a115
127,a116
128,a117
129,a118
130,a119
131,a1110
132,a1111
