8.33328366566343E-05,0.000202253852133,0.000563542119132,7.44143247716355E-05,0.000760544252374
0.001006141388489,0.00031036314423,0.000480404535223,0.000176332270389,0.000177086477349
0.000215745896101,0.000236314322097,9.75243402742092E-05,0.001040977215059,1.62536165020382E-05
0.001014304746723,0.000982794758148,5.40961861571428E-05,0.000211384553719,0.00020602575134
6.64350505855784E-05,0.003842870549355,0.001979396466969,0.000203557137717,0.000112691604883
0.001269414413997,0.000467901569021,0.00033411245405,0.000752289889545,0.000410612645531
0.001639927640826,0.000104201516038,1.75014904201557E-05,0.000116964554763,0.000334338970222
0.000861125767002,0.001106546629571,0.000402092263795,0.000157889628047,0.000173189693324
0.001213107478849,0.000142251763194,0.000815531523322,0.000741434179006,5.6617923304893E-06
0.000308791566018,0.000785979928397,0.001119131402892,0.000863576310053,0.00064425449915
0.00013163600075,0.00022881653975,0.000184758010487,0.001018925299438,0.000513817528511
8.34634714480123E-05,0.000586321617683,0.000920292924454,4.8114085921392E-05,0.002036459682977
3.67867297850844E-05,0.000397982741721,0.000452042582657,3.59510238905499E-05,0.000163046194309
0.000330260878037,0.000188067922437,0.000234841312304,0.000397900783815,7.26997046436197E-05
0.000138132808436,0.001693267521274,3.18904478153751E-05,0.000125082852281,0.00039476901265
0.001476605975777,5.89919372037885E-06,0.000103621664891,0.002013201446953,4.77413562990507E-05
0.000407188120122,0.000579724237704,0.000246015153522,0.00044953959567,0.000969330910008
0.000826782201809,5.91095140326886E-05,0.000554831120339,1.07599565364671E-05,0.00157759601796
0.000103481649402,0.000631982557118,0.00246556576295,5.40266157901632E-06,0.002125226834063
1.08373208574708E-05,0.001277453045684,0.000250057059731,0.00178164875046,0.000165634392308
0.000668234730095,0.000361245667749,0.000179296825034,0.000192860592136,9.21404365108114E-05
0.000596818682987,8.52285622252312E-05,0.000287011727108,0.001355745511737,0.000218298202303
0.000394909327099,0.000118157376993,0.000971759822893,0.000146674469684,2.70035757220649E-05
0.000226473535576,0.000537035781297,3.19728702230413E-05,0.000579089039436,0.000339580388775
8.43659820188809E-05,0.000327511157048,5.49980210151486E-05,0.000726521264947,0.000782853209731
0.001235001556887,0.000548189703549,0.000577458355588,0.00013061626254,0.000171355134478
1.70644196689462E-05,0.000494454973193,0.000284201240677,0.001187732520881,0.000320407541799
0.000427607858869,0.000322016430483,0.000278477805536,0.000115215360063,0.000498822555449
0.000130917399352,0.000234027003773,0.001240597702853,0.00035816344946,0.000212604668358
0.001284787309803,8.41756066704652E-05,0.000601607228616,0.000388533783243,0.000105431626389
0.000214716340079,0.000160217919036,0.000706371425242,0.000284303391128,0.000120819216917
9.69944410861438E-05,0.000179857236175,0.000548320242093,0.000257907595998,0.00112191980194
7.09130318914734E-05,0.000188442295487,0.000463308432299,0.000383231820298,0.000207402125095
0.000358340357369,0.000256718186473,0.00019679260485,0.000817449471554,0.000144818928594
0.000223050098669,0.000903249472699,0.000132659785282,0.000356668116982,0.000675871699332
0.000192212361092,0.000687726169243,6.38762551861E-05,0.000581910650749,0.000110937689181
0.000674203534727,0.000489717740532,0.001643409530762,0.005179463972887,1.19124416013597E-05
0.000638531649796,0.000262456968026,0.00037539548149,0.00071685021792,6.47869267379694E-05
0.00109332036441,4.01000416161536E-05,0.000163489911306,5.04551743817534E-05,0.000653829894101
0.000217585924432,0.000642506180629,0.000529191413188,0.002741953089181,0.000694149151619
0.000815869430531,6.18553457619257E-06,0.003074330100774,6.48939388843218E-05,0.000408813387858
0.00034565105487,0.000182878562218,4.67085388649571E-05,0.000169850565729,0.000893311565845
0.001133688099141,0.00027937073517,0.000139619270682,7.18890268333782E-05,1.9477753679804E-05
0.000565868300668,0.000480980523589,5.70637230116154E-05,0.000298727653442,0.000128206595571
0.00048587815524,1.43559155123831E-05,0.000103927678098,0.001693527815097,0.000354001047411
4.94166231489538E-05,0.000983865736149,4.24739872051808E-05,0.001062131053601,0.001973951002197
0.000458664901004,0.000158581240749,0.000198983573785,0.000688201507118,8.07250849856684E-05
0.00027321201275,0.001105764322579,7.08861194690965E-05,0.000143150032415,3.95204725416096E-05
0.000199326844669,0.000897848029902,0.001462822490661,1.65952208864926E-05,0.000101874880391
0.000109561749276,0.000327240169095,0.000110862265198,0.000105155510833,0.000701767134408
0.000333711683285,0.001024734536324,0.000399113246596,9.06240282398945E-05,0.000707206450029
0.000325320027375,1.56011993801817E-05,0.000967759113355,0.000164549590193,2.27118881905435E-05
0.000164144174825,2.39070013305837E-06,0.001874017536727,0.001233100196657,0.000196355385812
8.00230353146724E-05,0.000337450159475,0.000382574334067,0.000386593627913,0.000233920010669
0.0008301888026,0.000189806522393,0.000648610737244,0.000431331127797,9.0404023404884E-05
1.52279790434409E-06,0.000349660935913,0.000246197958411,0.000247237705025,0.001948185510582
0.000730788778098,0.00014170064472,0.000106182202414,0.000296377930538,0.000609020112178
0.001005079380011,0.000310962694542,0.000115907719304,0.000944773892995,0.000128348393983
0.000923233326216,0.000286801077886,0.000917105826496,0.000207133356531,0.000832076911507
0.001222892533975,0.000385060862882,2.0247200931441E-05,0.000266658787101,4.50627522673371E-05
0.000172533356607,0.00109110703486,0.000921850101513,0.001913501061711,0.000107810399572
4.94900006025388E-05,0.002052293567414,0.000173701931196,1.59305805692571E-05,0.0009875995347
0.000309681226184,0.000182815051121,6.52672005923993E-05,0.000323734605209,0.000539530310392
0.000232194901816,0.000137476158397,2.49188583929811E-05,0.000146899138464,0.001718636792412
0.000567777952586,0.00127073175681,0.00017245278044,0.000113335091237,0.002690069624781
0.000634894845111,0.000785201929537,0.001825572843063,0.001086194515459,0.003011131101993
0.000390316606664,0.001223945445151,0.000441417830226,0.000149883778315,0.000511472061161
6.33413163473778E-05,0.001478620970626,0.000291104974591,0.000652914250686,0.000152197241308
0.000121484710469,0.000189472045891,0.00049406707281,0.001007696025569,0.000258923537909
0.000937587418966,0.002388392896765,0.000253836361069,0.000200585718471,5.15480277301654E-05
0.000255735584177,0.000453753840188,6.00829268552001E-05,0.000129096839253,0.000328736185055
0.000257304372093,0.000205835111767,0.000313420677568,0.000599896018737,0.000512530543243
0.00043120846863,0.000513007773423,0.000202476630652,0.000650181162263,0.000262430060204
0.003674665574316,0.011144650302854,0.000559858242041,0.001342974136089,0.014592864294736
9.17151049709942E-05,0.000313913310293,0.000338180484054,0.000727248293798,0.000395616417136
0.000153614041726,0.000195773908198,0.000289287695432,0.000202411111809,0.000703920300693
0.000183344852288,0.000105051287457,0.00086765950018,0.000310875098329,0.000169535831378
0.000150732339101,0.000537414473215,0.00013035427972,0.000190731215132,0.000321306261153
0.000386984723229,0.000405802756134,0.000290248876283,0.000218119402825,0.000292120873263
0.00028601645009,0.000145896229988,0.000360332622797,0.000672893710156,0.000330399910885
0.000328711690969,0.000293827542639,0.000509855861441,0.000300810295819,0.000406963166539
0.000804125476174,9.81311560242444E-05,0.000181490320963,0.000190401979888,0.00037997849186
0.00018927773286,7.57394082860952E-05,0.00061783662127,0.00034537630962,0.000605857002836
0.000202405694741,0.000419217949542,0.000200538282308,3.80478910940382E-05,0.000775787781331
3.10413181092435E-05,0.000522683154518,0.000754381607089,0.000377878071031,0.000114587196495
0.000174354481604,0.001973582389371,0.000446741123618,7.75297776192143E-05,0.000690555921863
0.001150158466417,0.000273584481535,0.000262317559159,0.000151281497984,4.10371123951155E-05
0.000269087959416,0.000672247480194,0.000179982769552,0.000220127043537,0.000393836709941
0.000209530891028,0.000137830388062,0.000250309779322,0.000423795523009,0.000664173330911
0.000306010617334,0.000333779764306,4.53056984258874E-05,0.000406735615659,0.000227471130165
0.000149630253531,0.000331370505672,0.000188335836063,9.15852843503245E-05,0.000241646304128
0.001055254878777,0.000228525441946,6.92381584513337E-05,0.000624267534553,0.000159301897893
5.9617516390846E-05,0.002202008443987,6.08729859603211E-06,0.000710079216485,0.000484248860062
0.000369038347623,6.98496310186361E-05,0.000137785188209,0.000381973819392,0.000853567687717
2.75698269731279E-05,0.000205696172857,0.001026958161964,0.002441172151355,0.001794141928426
0.000252442944746,0.000424999938562,0.000466712047621,8.48519957571351E-05,1.75805811613964E-05
0.000735113510275,0.000687660849692,0.000390559173794,0.000487487704643,3.3430189739249E-05
0.00018286788667,0.000354690209114,0.001590637369779,0.000630917826189,0.000195983152661
0.000351546192236,0.000372923118938,0.000152373363355,0.00096158461355,0.000130368535217
0.00010100262325,0.000108664784559,0.000528136977339,0.001148431068698,0.000157186807513
0.000354309104997,1.65170847147688E-05,0.000226196103196,0.000879745896163,0.000321334733138
0.00026278303872,0.000658514775268,0.000236859400026,0.001327717310296,0.000220002621053
0.000573105658369,0.002276279005959,3.51888096882766E-05,0.000278683446567,0.000397490797066
0.005085727137009,2.00968934895717E-05,0.001194925843364,0.000197096612903,0.000708465834464
0.000240278128689,0.000218952038363,0.000727772739286,0.000226342936867,0.000151562599563
0.001285842003479,0.000121560836775,1.32206091417305E-05,0.000158805259313,0.000825323510343
0.000205367099201,0.000123136969778,0.000977936436577,0.000102839294541,0.000722697762397
0.000230789787951,0.000533999210503,0.000532958656547,9.4523603361424E-05,0.000346316729219
0.000361148036153,6.69593798168206E-05,7.90737222192875E-05,0.000478598227636,0.001513167033854
0.001000163377817,0.000158679076646,0.000566575818478,0.002391404887273,0.000101592302765
0.000336803930821,0.000249075796594,0.000253061572279,0.000459363241333,0.000300047764806
0.000528374179506,0.00118870581264,0.000855366137822,0.000142714989955,0.00120786523154
0.000241490303516,0.000144547732726,0.000442734926021,0.000283599605148,0.000195444430615
0.000368535639345,0.000656719869654,0.000776517209129,0.000201595458677,0.000399763293562
0.000195211485388,5.38748056925399E-05,0.000102470810485,0.0006712801127,0.000745766460881
6.04498479757486E-05,8.09242551417311E-05,0.001058167340304,0.000629221300853,0.001458333961757
0.000166533288708,0.000532680138323,0.000365393094677,0.000235399490534,0.000141793939372
0.000609689770041,0.000320595831086,0.000353481616101,0.000233005322795,0.000734687769764
4.31071386150156E-05,0.000133451560508,8.66922920867849E-05,0.000334408016361,0.002032805634419
0.000206101561714,0.000101677812544,0.000723300542347,0.000198495256788,0.002985812817095
0.001202511345628,4.09659997294498E-06,0.000370479266232,0.000111896604657,0.001543213757731
0.000570014159654,0.000661847250758,0.000566613928262,0.000748698614658,3.11053074692333E-05
0.000768656082784,7.03697195298851E-05,0.002048909035509,0.000270558278478,0.000829684953612
1.43300796522173E-05,0.002474675248458,0.000303780742533,0.00058700183044,3.83897522292639E-05
0.000865944114675,0.001240196176692,0.001242448495283,0.000398095691154,0.000117189132199
0.000373501860848,0.000785825414573,0.000325429533974,0.000120229404437,0.000340727901129
0.003046772563868,9.19251842430482E-05,0.002941411992998,0.000357976071941,0.002306730843473
0.001360914414379,0.000390547348011,3.24356800822803E-05,6.44092921093088E-05,0.000196290292222
0.000183783236714,0.000190309707362,5.4494514392556E-05,8.37866536475739E-05,0.001026067975057
6.70658482499499E-06,0.000153852709533,0.004069327534575,6.83197916694711E-06,0.002644766413178
0.000166507556909,0.003342891114068,0.00114269452802,7.13614433355275E-05,0.001248175090929
0.000467732550675,0.00013700415739,0.000530619273644,0.000649782126721,0.000143756372241
0.000543187752823,8.28796519279193E-05,0.00025439338462,0.000261766707716,0.000219824316744
0.00051561702658,0.000835357374952,0.00055947614162,0.000450473038307,3.33038657351886E-05
0.000118499459356,0.000332761993845,0.000152243122027,0.000327924934217,0.000288596891518
8.17675779198599E-05,0.000355495359659,0.000119703395338,0.000656670436927,0.000131746607666
0.000239757538417,0.000501227119935,4.0240577037918E-05,0.000397639661094,0.000521476633013
0.000760009877942,4.36076464291551E-05,0.000575391113064,0.001013018073132,0.000233608815941
0.000183371409212,0.000191500681126,0.000159922904168,0.00096273877759,0.000392677051647
0.001919257147316,9.00856564488302E-05,0.000788943956417,0.000375540342954,0.000102051730254
0.000748917427425,0.000336103464426,5.73195958630175E-05,0.000120025760231,0.000185201401623
0.001188741015785,0.002420410156011,0.000109952491899,2.2554062860416E-05,0.001397935089431
0.000390153260202,0.001086052877843,0.000484867407574,0.000585011481402,0.000112228046607
6.05949772515798E-05,0.000238882925728,0.00046606045993,0.00078547100088,9.90247474230666E-05
0.000271910838993,0.000323166910265,0.00017484228783,0.00015503214079,0.000149788837865
9.32527331431588E-05,0.000488110425071,0.000144905459943,0.000662407745092,0.000437997902822
0.000976800530892,0.00034345855432,0.000806545889932,0.000149044580835,0.000219803462552
0.000154245639552,0.000671100950922,4.95837967795503E-05,0.001930061847378,0.000461019249872
0.000620501350116,0.000509350986547,0.000462191309558,0.000184326197985,5.63854845227965E-05
0.000501799302978,0.000197723709762,0.000332373045144,0.00012196501247,0.00061928113209
0.002799084083098,9.88884592783703E-06,0.002432266256688,0.000196906087049,0.001582312226047
0.000109550703834,0.000619720498745,0.000455941954408,0.000347358265463,0.000236397326985
0.000697587871433,0.000360617495669,0.000377518648896,0.000294769333562,2.86990781325518E-05
0.000223423535314,0.000297270191434,0.00023928914917,0.000464118506329,0.000223908753643
0.000411302441342,0.000552298953749,0.000614575482541,0.000426633921841,2.95683947074052E-05
0.000283281021757,0.000864578819303,4.5177210948279E-05,0.000124528860014,0.000251113058731
0.00017872122724,9.76183256668258E-05,0.000801038802938,0.000407155934437,6.11589630234588E-05
0.000173357524513,0.000215976578215,0.000753787782483,0.000457637085467,0.000191826857967
0.000456896552906,0.000344922885042,0.00015830404934,0.00141008495578,0.000211735829955
0.000308940031014,1.59925341966723E-05,0.00307511727956,0.001272078396413,1.70017575670207E-05
0.000385941423677,0.00039791118325,2.62067177993678E-05,0.000547556850923,0.000333061614829
0.000345821218802,0.000509816389637,9.27248789035575E-05,3.92183045091394E-05,0.000334614050138
0.000208623014457,0.000207036999144,0.000110567438973,0.000550890454952,0.001289152948306
0.000232866855205,4.36362469462515E-05,1.00306492902277E-05,0.001230054501334,0.002130247350576
9.2552583560651E-06,0.000909568462781,0.002219886235338,7.91156887037148E-05,0.000316457267353
0.000307135410905,0.000391819500585,0.00073027323448,0.000535418396515,0.000290822135942
0.000781355933604,0.000287010754144,7.71089365297984E-05,0.000561380032484,0.000813412720603
0.000691093244533,0.000220845594755,7.07665889455186E-05,0.000432838006268,0.00044290471569
0.000525599046604,0.000361000888389,0.000423289313438,0.000168729316685,8.4602649408011E-05
0.000448050198825,0.00014687232849,3.11771599919872E-05,7.23338234649218E-05,0.001290934173771
0.000495651532174,0.000384057169806,0.000367953107861,0.000699280309918,0.000105276980051
3.82312978410745E-05,0.000252820642654,0.00021178655826,0.000204641186517,0.001028880073515
0.000730988941149,5.13339645230807E-05,0.000653745334938,0.000227273875887,0.000128916595534
0.000977959586734,0.001226962718552,5.28699468648201E-05,0.000118279355026,9.97777213622787E-06
2.50386858038071E-05,0.000286192783528,0.001124478238378,0.000125570828762,0.000673271789742
0.000462219000089,0.000168431299884,0.000211055141759,0.000404111225171,0.000214716173313
0.000126154108647,0.00263757213456,0.003146469660214,0.000523486417996,0.000608064090918
0.001428589679729,0.000906848674192,0.000817990595961,0.001123501179201,8.29652381718361E-05
0.000439560332668,0.000159490576241,0.000669723623746,0.000242353763895,9.800855897521E-05
0.000387033048666,6.35908606799337E-05,0.000249390967603,0.001118233902411,1.63323426873991E-05
0.000340684840325,0.000315532388186,0.000137602296662,0.00048941940569,0.000110878911976
8.69641802026325E-05,0.001327581188836,0.000128500182468,0.0003441534119,9.18241038241714E-05
0.000990564579341,0.000323158773255,0.000103714892977,0.00018938488395,0.000183485227678
0.00091674045693,0.000236462318505,0.000406255932727,0.000116903839531,0.000202869831269
5.77244430494602E-05,0.000113086608364,0.000439696448118,0.001182071027299,0.00010238584944
0.000922671978295,0.001228863868268,9.80559972220131E-05,0.001428796474423,3.43488092274582E-05
0.000587067059567,0.000661180868567,0.000150891059839,0.000287859463751,0.000297833346587
0.000130231470464,0.000411281763059,0.000624474044322,0.00026393940762,0.000142643967488
0.000973476264897,0.001168577158951,0.000211789494182,0.00029438090456,0.000243286275157
0.000419934820392,0.001961734792313,0.000136352895728,0.001926627400787,0.000212770964199
5.74327795779853E-05,6.04291758782483E-05,0.000468066112328,0.000538713438768,0.000846151183628
5.96593324416675E-05,0.000118433958058,0.002383612751983,0.000297773789113,0.000145737917957
2.48999880226316E-06,0.000590500250639,0.001104718621176,0.000517735967979,0.000148893393477
0.001090778693529,0.000354694306683,0.000610375786075,0.000351722356944,8.4852529016652E-05
0.000401779072889,0.000337013906142,0.000681773114927,0.000278437735989,0.00016082383681
0.000177284890367,0.000282405806524,0.000310429864935,0.000833137637082,0.00013733603501
0.000575975596034,0.00028032177881,0.000309154239514,0.000245214710453,0.000133398762415
6.7790460229172E-05,0.000124281476256,0.00136745892786,3.66036248595875E-05,0.000645294444792
0.000337641777999,0.001235186158603,0.001702919896806,0.000364563192793,0.001248592259205
0.000208256496528,1.39538639117871E-05,5.72221569460995E-05,0.001684114720805,0.002306870156415
0.000315137326126,9.56972468016064E-06,5.22193457079131E-05,0.001433013874369,0.000988005060116
0.000408182836624,0.0005003735251,0.00024147608274,0.000749501346827,8.43773867391775E-05
4.51292845531115E-05,0.000793693669906,0.000440261867274,2.55393592638688E-05,0.000921805801808
0.001104525997033,0.00014754501805,0.000744266971278,0.00012860444822,8.32025037419803E-05
0.00279087025671,0.000196991136365,0.002461858396321,2.07100760322645E-05,0.000477615168823
0.000759086386788,0.000149853944519,0.000278715878615,4.96083227754974E-05,0.002897913443432
0.000776261687292,0.001187870696591,0.000291745339483,0.000141579006153,3.98781235989671E-05
0.000684795051241,0.001044735154124,9.81050702055848E-05,0.001085595451444,0.000818416494774
5.31359762336939E-05,0.000804802205777,0.000210019641746,0.000255956786396,0.000112130081621
0.000804870721585,6.62649681005911E-05,0.000321830104696,0.000654741633111,0.000689203800802
0.000317338765154,9.02158044006908E-05,0.000567224283698,0.000153137287202,0.000137152791473
0.000462413210961,0.000102213472462,0.00013221680418,0.000505301928635,0.000400236179475
0.001981086931018,0.000897211463055,1.68574833342867E-05,2.75709745149638E-05,3.36817491494091E-05
0.000626322702693,9.39651591956666E-05,0.000465213892025,0.000279247701025,0.000320993522039
0.00022531802103,0.00028188964106,0.000410367924624,0.000806108830156,0.000245265314408
0.00015821428259,0.001163064719491,0.000894233495513,6.8048972270146E-05,9.75310112124963E-05
0.0006950737995,3.27880576950175E-06,3.32838357620896E-05,0.001409884691724,0.000319331823408
0.000636108914651,0.000682431513821,0.000138124004177,0.000103103812354,0.000599985666464
0.000526247691921,0.000286495027481,0.000203792322695,5.70929084105875E-05,0.000771960829613
0.000380212579823,0.000791169338587,0.00040102648734,0.000244314040292,0.000118144743702
8.64092753967226E-05,0.001287591318759,0.001220423063343,0.000223936643052,1.14005711030446E-05
0.00079244684728,0.00072142960797,8.39010393843925E-05,0.00013689316682,0.000776653149616
0.000291226876505,1.34570899799801E-05,0.000114085047715,0.002429381303579,8.24009767843044E-05
6.71191207212943E-05,0.000233534800328,0.000411846316191,0.000336647216741,2.64549210906904E-05
0.000881937851914,0.000259124786628,0.000441753792721,0.003529007332407,0.000535251601841
0.000310915345498,1.3527456709262E-05,7.69458296261402E-05,0.00417345197044,0.000251251799863
0.000264554674886,0.00023869980571,0.001314992359483,8.93660783723804E-05,6.02697644387563E-05
0.000313217279727,5.48812507050872E-05,0.00056104180003,0.00016855145849,0.00089395368021
0.000746264531358,0.00062972883603,0.000362052324917,6.58641210237144E-05,0.00017280864259
6.72642660158325E-05,0.000775912459083,0.000993992465203,0.000534634145261,0.00025899907087
0.002547498927573,0.005162317013803,0.000181871481754,9.90830482974644E-05,0.00024287041895
0.00151597098894,0.000274378380351,4.62146564085166E-06,0.000181754007661,0.000428266288279
7.94973638089498E-05,0.000493718567225,0.000100539864921,0.000457522832588,0.000312415673385
0.000519075405017,0.001875531849941,0.001345500804155,0.000718121904821,8.15045004308369E-05
0.000383419107819,2.39481278921832E-05,0.001078900859271,0.000255615997137,0.000557980953227
0.00099469317355,0.000432057682554,0.001741789784003,0.000239482841883,0.001648875479844
9.27540475196705E-05,0.000139084618015,0.000246078736613,0.00050299346145,0.000204214503182
0.000103347068506,0.00018719703195,0.000973448784439,0.000396166309028,0.000613734502701
0.000885902071702,0.001792737866364,0.000203958079088,0.00064548544134,0.000286781396182
4.66320436728109E-05,0.001692185651301,0.000548077666416,3.86996009703643E-05,0.000244726806095
0.000219516240527,0.000226335939671,0.000431510372497,0.000324544997861,0.000178929572492
0.000224728320273,0.000286533871064,0.000147325862953,0.000394656927257,0.000148719355742
0.000135817006438,0.000742731699125,0.000267421675191,0.000146461354735,0.000571180630038
1.88699759789786E-05,0.001056006708207,0.000198555465223,8.27561114504601E-05,0.000333951904388
0.000116775734134,0.000246237050612,3.97679428829522E-05,0.001246135454958,0.00034270186047
6.45719897875138E-05,0.001214653131247,4.2965359257154E-05,5.62500418577848E-05,0.001354005052571
0.000556027803277,0.000142776216917,0.000258676625824,0.000945733978547,2.08403110545244E-05
0.000547506731258,0.000543400843183,0.000368724142495,0.000179516135672,0.000459049491103
4.75199888462665E-05,0.001102188167477,0.000145963341008,0.000108384017691,0.000183965950091
0.000469794402716,4.61958226114852E-05,3.37993926398614E-05,0.001908832007756,0.000295524890115
0.000142726914291,0.000343687057242,0.000320629993091,0.000533249969286,0.000209334528486
0.000360759518551,0.000482840572523,0.001137581052695,0.000255636207776,3.77088410304411E-05
0.0005116647243,0.000152643226363,0.000178808936638,0.000521848091838,0.000536771953036
2.94209216584193E-06,0.001628396952095,5.29627400952279E-05,0.001376862079204,0.002332304551723
0.001475981876119,0.000259107977584,0.000160242741032,2.49579282356205E-05,0.000369296972176
0.000237483424222,0.000150113661734,0.0002040764159,0.000808734785864,0.000132712029501
0.000181225811582,0.000112978015978,0.000340635711067,0.000254248167745,0.000316584828503
0.001273589424229,0.000179976346362,0.000183115419001,0.001177778855179,7.7847138845362E-05
0.000156978801008,0.000427706836753,0.000234375671793,0.000319359924293,9.49285281608935E-05
5.89466389177708E-05,0.000437944452744,0.000221262451109,0.000543046619162,0.000139340839552
0.00037681293466,1.27563763676898E-05,2.12126273771438E-05,0.000369725553662,0.002242058783722
0.000654985406433,4.01308294100379E-05,0.002683606155495,0.000272084149183,0.000118894108566
0.002110612894913,0.001206058352497,2.95435660841477E-05,0.002523658357883,6.38512228737666E-05
0.000666017412831,2.59554289455705E-06,0.000306920226162,0.000917514632408,0.000507978950471
4.34751210336349E-05,0.000209145902031,2.79667905769729E-05,0.001114932678392,0.000666814894009
0.000193817789128,0.000204239625612,0.000736334519474,1.93240665879122E-05,0.000295015905066
0.001025415703314,0.000821461091751,0.000216753639349,4.5083061025165E-05,0.000189771237202
0.000268125712212,2.67119326699665E-05,3.90847272607675E-05,0.000536797930882,0.000393022095624
0.002210709039137,0.000732762398258,7.03086233288688E-05,0.000555231840471,1.08871111286082E-05
5.58761176600455E-06,3.1163992090882E-05,0.005182198444609,0.003063458195079,0.00020568876146
0.000490241201832,0.000126119206355,0.000125320996178,0.00058584482674,0.000374421064293
0.000235058281212,4.83771232599089E-05,0.000711520089953,0.000133237387476,0.000468162164885
0.000128355674815,0.001689334875037,0.001035675053147,1.54758359849754E-05,0.000124346155597
0.000393419980172,0.000823384207127,0.000606995468355,8.66659845874281E-05,5.46299378224687E-05
0.001695380620423,5.74661283064268E-06,0.000605805513275,0.000427187318366,0.000290543328431
0.00017143402107,0.00017489069982,0.00045459070089,0.000566728029229,0.000957654784132
0.000599158510709,0.000136435503247,0.000226982051562,0.000576638119456,0.000457995571773
0.000244143609694,0.000161277883177,0.001723830141016,0.000198999737272,0.000630395261048
0.000139576493065,0.000375295154204,0.000246385059323,0.000276525471798,5.15555013545873E-05
0.000118289725602,0.001109332007499,0.000811486320196,0.000990746569463,0.000208212149841
0.000129199873555,5.63904380597985E-05,0.000289665393973,9.75767072520053E-05,0.001865488028691
0.001195503469516,9.88766339285916E-05,0.000253456108639,0.000133251905053,0.000122519288009
0.000763146312832,0.000145832376219,0.000924395543612,5.12020365461869E-05,5.43822466360492E-05
0.000372725942438,0.000104031975995,0.000284339386546,0.000121488132933,0.000661812401963
0.000460202190871,0.000212317536557,0.000690314680017,0.000402644678889,2.31537159338943E-05
0.000429876742871,0.000454429765701,0.000452186406646,0.000163967053539,0.000359560063535
0.000183635433589,0.000328991421215,0.000141697609839,0.000342283723481,0.000100541436299
0.000680876804794,0.000140832240196,0.000397368100986,0.000257404832856,9.25871243523908E-05
0.000360036417542,6.67289529164856E-05,0.000251631035336,0.000373732107101,0.001466018267477
0.001065860254768,2.48886506473069E-05,0.000559872753728,0.00089418579474,0.000146649640258
4.93654945117043E-05,0.000352789511821,0.00310571644831,0.000453912185306,0.000117494188846
0.000299826172931,0.000458425367557,0.000217295409607,0.000157151167766,0.000281173769771
0.00059783285821,7.9674645711261E-05,0.000682321686831,0.000272776445869,0.000329699649316
2.91418430376983E-05,0.000618755518907,0.000209397259056,0.000180740717855,0.000409261470902
9.79622827304036E-05,7.03088922164949E-05,0.000529885560342,0.000589499919286,0.000376274019293
0.000153046303687,0.000532709356504,0.000296380939429,0.000409325141661,0.000144333520926
0.00034526869572,5.11659583027719E-05,0.000199526743028,0.000718240707517,0.000313815455673
0.000171405352769,6.28501095549292E-05,0.001770200129428,9.27694131298533E-05,0.001221206881173
0.000584013305793,0.000154361784468,0.001240791269327,0.001251492101876,0.000219823805517
0.000801246321646,0.000641161010318,0.002136722096206,4.57516922610734E-05,0.000743776450852
0.000577094132339,5.55613778992388E-05,0.000505929779046,3.23077778984325E-05,0.00056975760448
0.001519868264668,0.000242868468399,0.001398155040087,0.000270690403247,0.001359603777484
0.000281922258514,0.000561899650824,0.000113223652825,0.000308491625737,0.000269849353854
0.00017105141521,0.000421974393,0.000173693983816,0.000548696334396,0.00029624183252
0.000141269116624,0.000487011157314,0.00027370855686,0.000234971156232,0.000630334456705
0.000338919114264,0.002396337809359,9.74318745346359E-06,0.000287889831548,0.000330539732027
0.000185018153781,0.000862256987091,0.000622416882,7.27149193640834E-05,0.00085022445612
0.000797333494096,0.000220035410204,0.00060909567811,0.000187164225986,0.000776045808549
0.001123746121677,0.00032244483113,0.000139164663172,0.001979673008728,4.09024038097354E-05
0.000204341769294,0.001102535100951,0.001123128615543,0.000964905879329,3.7493800292911E-05
0.000185080915101,0.000194932957034,0.000108466638079,0.000323293152634,0.000898237146186
0.000126379093105,0.000297086120279,0.000315714339454,0.001341463836997,0.000105612901464
9.06298339084616E-05,5.91215009865541E-05,0.001181373270078,0.00058387781207,0.000283575216113
0.000652112368274,0.000637740778652,7.35020885129211E-05,0.002469125588917,1.78002035115755E-05
0.002556141505048,0.000349516757526,1.02236565063406E-05,9.54559094263782E-06,0.000271329126604
0.000460570783705,0.000250148255319,9.76269347190193E-05,0.000310934163101,0.000463138253087
0.000342055242957,0.000665391814829,0.000263044349078,7.54825093582911E-05,0.000368842837633
0.000362079000502,6.38630374651501E-05,0.000757472652689,0.000113692961636,0.000146368924905
0.000142165238735,0.000125348839294,0.000524145386737,8.64162993428436E-06,0.000858049930084
0.000507155700095,0.000801691212498,5.28363300445665E-05,0.000402397576847,9.13623965855904E-05
0.000179075196699,0.000582361238624,0.000314295550941,0.000112303011731,0.001103831276289
0.001252565938931,0.000225617324949,0.000283394225052,0.000855188411846,0.000240109031794
0.001367140524481,3.24432996345825E-06,0.003605023543229,8.50500645955655E-05,0.000206328618697
0.000428147903355,9.56059358434331E-05,0.000184067212052,0.000438488695271,0.000134347260916
0.000661426859609,8.05942258649041E-05,0.000392965754602,0.000333583958659,0.000218211605998
0.000176986679516,0.000411137842576,0.000160530544449,8.3350760983677E-05,0.00031220570965
0.000527976743787,0.000161487321432,0.000561077091358,0.00012595977543,0.000671267304189
0.001111177298584,0.001352204797885,0.000326709367576,2.67255461271092E-05,0.000479994859202
0.000141773284477,0.000271066943141,0.000817758599689,0.000391228501178,0.000281792379141
0.001203720458306,3.65300078049239E-05,0.000382771385938,0.00019978964538,0.000180282944491
0.002146350381195,0.000547195208251,8.84955971334112E-05,0.001055493878442,0.000251807728295
0.000905115858595,0.000255307598303,7.97244851293758E-05,0.000748019889494,9.78684715648528E-05
0.000314780478238,7.71918437508358E-05,5.54946314023138E-05,0.00076085827538,0.000992890784464
0.000230002280565,0.000372180213533,0.0001265473267,0.000509336378298,0.00057809194273
0.00027400728333,0.000349301413991,0.000653042152857,0.000204828952794,2.47126458809177E-05
0.000910634879695,0.000670048264293,0.000595961573622,0.000591497605096,0.000576375411482
0.001531928501481,0.001491015842345,0.000120246634736,0.00193400794586,5.87434623888482E-06
0.000113408125866,2.07097067531096E-05,0.000496205989932,3.83086297248382E-05,0.001437448474044
0.000491113011622,0.000249514218249,0.000143368410184,8.52222292901618E-05,0.000624647953996
4.25446251971555E-05,0.00039061581671,0.000541342800701,0.00023488534311,0.000539990464548
0.000258569151876,5.04379226135149E-05,0.000318608303116,0.000272482687653,0.000706668995835
0.001641582408445,0.000131321655754,3.00035543676282E-05,1.73472757024448E-05,0.000162037362256
0.000106234135987,0.000256431731746,0.000837753742434,0.000627272870066,0.000821959176048
0.000362737118573,0.000202341922487,0.000317292998136,0.000340182022605,0.000127862008654
0.001073116581665,0.000456258309958,0.000354643329237,5.77988421050395E-05,0.000753475299973
0.000189106656907,0.000185619063772,0.00032791218161,0.00049915473278,0.000423116119209
0.000667964017171,0.000381987965513,0.000218433238968,0.000443611943064,0.000278847742654
0.000242012253481,0.001266615493042,2.82445008267524E-05,0.000364538454174,0.00030483308229
0.000225449980243,0.000588060547563,0.000485591742153,0.000103391064303,0.000363305989063
0.00010494242641,0.000691863216303,0.001133121124858,0.000273124971973,0.000719175373398
0.000317338237427,2.4390917635641E-05,0.00103531920019,0.00010374042759,0.00047050227896
0.001690220872767,0.000867965637453,5.44761172187283E-05,0.000610711052741,0.000365722429334
0.001325196996719,2.5582600088191E-05,0.000948865819587,0.001433134962312,0.000756197557815
0.000122717862247,0.000296072878736,0.00043285427195,0.000103792394516,0.000536533034034
0.000939935303779,0.000243687765429,6.60909984349016E-05,3.9479362628405E-05,0.001019005947731
0.000810968127853,0.000686693180294,0.000151582627385,4.01088405697159E-05,0.00080662974979
0.000254417457017,0.000157441055255,0.000431167119893,0.000176788887639,0.001237686027383
0.002551471322547,0.000425796332432,3.17298338988694E-05,0.001018405023419,0.004247157506923
0.00070224680124,0.000514132527259,0.00012643181907,0.000420584301324,0.000127729429414
9.14191004176486E-05,0.000149621502535,0.000173386961748,0.001520609857229,0.000556042156551
0.000145559801661,0.000169194135827,0.000647816006492,3.67861480179532E-05,0.00077569527513
0.000270298292503,0.000986097676545,9.55270178686705E-05,0.000295493776141,0.000351484609823
0.00012800794443,0.000165446046895,4.64354836141952E-05,0.000734288353778,0.000335142519272
1.18823731381273E-05,0.001530720460589,0.003296711415163,0.002851722653373,0.000160506049485
0.000513389612706,4.17675197935052E-05,0.001553909913599,7.50907036120148E-05,0.000839471815718
0.002643595058879,8.35188346983182E-06,0.002548744007802,0.000276647652854,0.00049961039065
0.000681380915257,0.001620688926698,0.000693469185179,0.000340939382422,0.000150818776288
0.000642878852151,0.003147678031777,0.001723321169393,5.8000369049897E-05,0.000641641372306
0.000176036828315,0.000938753592181,8.71883598144005E-05,7.89986703228927E-05,0.000277147919714
0.000141000045769,0.000215819490235,0.000475515879692,0.000145784390835,0.000533280968015
0.005401078357959,0.00044114224796,0.001891347828234,0.000108852949391,0.000467420963686
6.27118111794307E-05,7.75700751955398E-05,0.001534003900285,5.01045877890077E-05,2.75776906381224E-05
0.002004380990478,2.82539852255482E-05,5.40259000047231E-05,0.000393565101878,0.000150566926126
0.000286308021911,0.00168641332244,5.39020169568245E-05,0.000124486876727,0.000213748281851
1.29430538586233E-05,6.86834459700785E-05,0.000958959752243,0.002492161260532,0.000827371331862
4.94892014173119E-05,7.23858533203816E-05,0.001594035578208,1.75221434095891E-05,0.001840559705818
7.1873728539242E-05,9.9134714675598E-05,0.001439628322648,0.000413343955177,0.001404580214029
0.001244526403652,0.000599314850488,0.00084881319591,0.000707685369921,2.37855974545912E-05
0.000449926127502,0.000324955439368,0.001178560615889,0.000465434724448,1.53219504215522E-05
0.000288774245001,0.000144992440232,0.000639293665775,0.00011971809764,0.000400971011538
0.000926406620677,0.000494591596247,2.80214813596556E-05,0.000154410715504,0.001266770859759
0.000379700210186,0.000305851701806,0.000312128351029,0.000505913464415,0.000510415287927
0.000121356412468,0.00063466869294,0.000277032181245,0.001795379346157,3.72675572394389E-05
0.000613883644846,0.000337666952766,0.000124766824988,0.000238565902976,0.000262775879713
0.000111073065269,0.000866216901198,0.0003095689393,0.000843974250698,0.000261709757058
0.001166313753997,0.000240572799018,0.00092985378801,0.000815859831001,0.000308139082613
0.001021767166835,0.000286831810677,3.06080409075239E-05,0.000232746853114,0.000256997582705
0.000246800084378,0.000858688371938,5.51004658142056E-05,0.000228141457566,0.00032460868796
0.000191829509055,0.000340903675743,0.000162600904757,0.000220502408963,0.000426984457414
0.000281028354097,0.000446231566062,6.33571032195606E-05,0.000516521639824,0.000512114393719
0.001027713414101,0.000345070742005,0.00052858259089,3.55306010142167E-05,0.000264173083142
0.000626484678821,0.000209913380348,8.46315249001881E-05,0.000499601917035,0.000114347334303
6.18056669870344E-05,0.000401121638777,0.000516428215834,0.000286525713245,0.000440322778282
0.00027656376506,9.76922493891276E-05,0.000221388432478,0.000953097536726,0.000380560166458
0.000362481046149,0.000314289795509,0.000228829913014,0.000334655801308,0.000148922000263
0.000771043108486,7.74013167731137E-05,0.000339249295009,0.000519563067069,0.000118922939671
2.32856340491221E-05,0.001539027912154,0.000216697683579,0.002175509123897,5.44953893525659E-05
0.000172009795113,0.000604270635432,0.000281895198554,0.000119125418791,0.000667994000245
0.000133565288704,0.000258911931594,0.000710919968491,0.000274254353559,9.96217667092537E-05
0.000144483315804,0.000244400908582,0.000251083819889,0.000466985501261,0.000417429097572
0.00016545334788,0.000847803421775,0.000413274223619,0.000853312696544,8.42271506085118E-05
1.85017979639745E-05,0.000456734314511,0.000229695007786,0.000264169275579,0.000203169182565
0.00053294055937,6.35301735570914E-05,0.0004138483846,0.000424520747801,0.000252209070238
0.000452784829012,2.23934671237502E-05,0.000256263848389,0.00064449212493,0.000876729759313
0.000105345547891,0.000123463038415,0.00165462491561,0.000187465901951,0.000567337936905
0.000927002707812,6.52175545014602E-05,0.000117900860119,7.83648398864466E-05,0.000118791777839
0.000220962688976,8.5105921864805E-05,0.000231177065945,0.000286938052238,0.000309512335402
3.18275251083408E-05,0.000310209693663,0.002828400062785,0.000134487412597,6.18468387318569E-05
0.003030983845137,0.000126365217553,0.000416186307875,0.002119284807026,6.90295872605222E-05
0.000239388005413,0.000347763466092,0.000489531195562,0.000103426908174,0.000141289806616
0.000255328897723,0.00068580336571,0.000237780238393,0.000674413754591,0.000138883459735
7.79890373015938E-05,8.54963085677676E-05,0.000713322623632,0.000179615528717,0.000760293445114
0.000169765510532,0.000105734141416,0.001225878623249,0.000167754811567,0.002041104940622
0.002959753462232,0.000139050750036,0.002237757929785,9.10149673569662E-06,2.06937636744856E-05
8.67403772114237E-05,0.000290366334015,0.000309414002034,6.30090248973483E-05,0.000912871820549
0.000604307255067,0.000545503158327,1.96306134032201E-05,0.000352097461227,0.000813781864631
0.00125733640315,0.000643505213024,0.000528219741188,0.001503784232526,1.81580238241031E-05
0.000873341541157,1.537780293742E-05,0.000671997645422,6.37714349569826E-05,0.001024796374404
5.55094525737934E-05,0.000343041179999,0.000313850024179,0.000536617237011,0.000603884510429
0.001512395865273,0.000333736529307,9.93512274600045E-05,0.001094402348111,4.69806960296268E-05
0.000966042907155,0.001067190773627,0.000176508346366,5.93825207765109E-05,0.000292013602562
9.08749700138696E-05,0.00070355823645,0.000186626530079,0.000874920576879,0.001871054500314
0.000179548278461,0.000740827920254,0.001461482951549,4.50490884919512E-05,2.9409195818987E-05
0.000685654370056,0.000178438051341,0.000228706964255,4.53778321466985E-05,0.000397378989875
0.001688563933666,0.000161133557128,4.56136059286622E-06,4.5338613856312E-05,0.000323943534378
0.000722380168866,5.57290190581753E-05,0.00011372781877,0.000435283792015,0.000183244563169
0.000290873001879,0.000113948974459,0.000383382878703,0.00142244803795,8.96747124172537E-05
0.000138769893159,0.000607162725416,0.000232374370117,0.000466585669994,0.000327436193603
2.40457830188529E-05,0.000391876664485,0.000201208463847,0.000612563331849,0.000440614574033
0.000111870325237,0.001436260494592,0.000113451349616,0.000740490493186,5.73125278292041E-05
0.000206069478036,3.27826647390699E-05,0.000277726399243,0.0006080922857,0.000833901745813
0.000458897016422,0.000189415399918,0.000250783174298,0.000414074388036,0.00044573081425
0.000393057194367,0.000361871071853,0.00036075317035,0.000130028326942,0.000143893084232
0.005911689908283,6.79383149604843E-05,2.79230006665017E-05,1.2235656646229E-05,0.003113330267117
0.000120874721359,0.000231203844023,0.000305481866539,9.54081669642904E-05,0.000565051412605
2.40412679749302E-05,0.000376855882355,0.000169234623449,0.000550268705733,0.001231300748995
0.000102571631797,0.000600112340723,0.00011960333532,0.000826066330646,0.000306150747331
0.001707646498328,0.000361799177362,4.37351210794362E-05,0.000102274561537,0.004294356733523
9.94692968643613E-05,0.000200397286141,0.000541412030619,0.000419160153632,0.000347567246445
0.003198320763526,0.001210999536233,6.67482987357466E-05,0.000662290422109,0.000101950871265
3.91330839259726E-05,0.000190088225917,9.45674714651031E-05,0.000467613953962,0.001605959963864
0.000667119988262,0.000128014280809,0.000165445393319,0.000360244197308,0.000603367330631
0.000691828656598,8.89856596859059E-05,9.71042261135275E-05,0.000890234033208,0.000179219744429
3.4886367024243E-05,0.000162282865705,0.000658487454561,0.001756929363697,0.000239187517298
0.000294285936845,0.000113390652048,7.74287049044306E-05,0.003282581710619,0.000722153379755
4.188392293868E-05,0.001386472876754,0.000662455373887,0.001089205430079,0.001545153154562
0.001432175731427,5.36893843445056E-06,0.0007639509881,0.000591660504671,0.000425386958262
4.01354176504043E-05,2.41451515439765E-05,0.001214005294312,0.001068561495999,0.00100527910371
0.001835443969068,0.000164261188663,0.002921190063545,0.000639680621763,0.000428258579751
0.000197786764931,0.000611877709755,0.001199212046509,6.98082106373928E-05,0.000395545636007
0.000550048304654,0.000129945150314,0.000122753977411,7.30602578650599E-05,0.000450522482744
0.000381428591286,0.000140614359967,5.8546934833577E-05,0.001265009864633,0.000172046642045
0.000105846648816,4.67337229348183E-05,0.000281697563235,0.001879613718379,0.000455794208129
1.14429381058826E-05,0.001763304319298,0.000776546126474,2.94137551648469E-05,0.000717426074278
0.000735007055198,7.12023383561128E-05,0.000212985010877,0.000720804441918,0.000241697671205
0.000123283362547,9.1566844118442E-05,0.001368156202071,0.000544902604378,2.55901757938608E-05
0.00036302142827,8.70745473569812E-05,0.001580321644049,0.000690605400402,9.31347845245619E-05
0.000508246510601,0.001031509966568,0.000716188286135,8.47034394560398E-05,0.000280639538424
4.04452349527253E-05,0.000215959893758,1.02224931819646E-05,0.000541426887424,0.00157553321762
0.0003022058524,0.00059959019148,0.000157260204685,0.000310458045623,6.25331702849484E-05
0.000898330277395,9.32196714599954E-05,0.000884926164143,0.000419624321652,0.000129362149775
0.001071525704576,0.001112483870512,0.000446196396435,2.036440598483E-05,0.003104226051795
0.000336084345333,0.000257654495718,0.000118554358905,0.000733836108693,0.000660315757633
0.000120971390121,0.001018746449179,5.86985307819519E-05,0.001645251604597,1.0136106511607E-05
0.000263483563217,4.52729721566401E-05,0.001207216219173,0.000575615057125,0.000308667107373
0.002842851587155,0.000220105417935,0.00079184692884,5.1246335343975E-05,0.000985536126684
0.002127020010973,1.13695999667139E-05,0.000128520493472,3.64195336428642E-05,0.000227696900678
0.000657647395106,0.000164696979183,0.000111931549901,0.000240154375591,0.000458550131402
0.000445887559036,0.000873349233256,0.000237056862854,0.000213954142647,0.000809355574342
0.000542198906639,0.001004486254851,0.000355077327743,0.00049814765733,8.01365904406296E-05
0.000930109793484,0.000608734524304,0.000389732504546,0.000121319198584,0.000622023645898
0.000286261177997,0.000206401267624,0.000288574754534,0.000543494323842,0.000419448749439
8.46389552248058E-05,0.00029052544639,0.000355918231813,8.89721006910349E-05,0.002090583535448
0.00075162145388,0.000301353154496,0.001471899366213,0.003147483316065,0.000197935114936
9.55591880470812E-05,0.001454720047636,0.001043154635946,0.00166018214795,0.000276656413229
0.000544277229359,0.000110261507789,9.03523866195461E-05,0.000245545574428,0.000785306493014
0.000168160262217,0.000116681399468,0.000861872000346,9.51616904673059E-05,0.000505759901823
0.000636743549646,0.000161121606984,0.000233255616675,0.000148339741928,0.000359416315085
0.000426755496208,0.000878149947262,7.81697016829098E-05,0.000225672184913,0.000229781341204
0.000167515485882,0.000198164813184,3.75778426216943E-05,0.000322853650016,0.000982250946074
0.000257565551103,0.000644098067535,0.000411545234762,2.34898650744159E-05,0.000692891478683
0.001462168161711,0.000517084107334,7.6373291542426E-05,6.27958460358865E-05,7.90336794006103E-06
0.000741185414127,0.000169064501855,0.000266860395631,9.88509933582486E-05,0.0007768755221
2.37442950723715E-05,0.001931539536847,0.001649781482535,4.84460537314002E-05,0.002189009694153
2.51131882498574E-05,0.000813535040832,0.000465612201544,0.002311694662732,0.001244855681381
8.63979989922829E-05,0.000113552330825,0.000121374997518,0.00069315138672,0.000400808505755
0.000995481384714,0.000202091198968,0.000132085202707,0.000301128543031,0.000396640896456
0.001918188136984,7.59825691768517E-05,6.94625970311407E-05,0.000153866857324,0.00095741143377
0.000274021605036,0.000174228713323,0.001552255241172,7.3959445279682E-05,0.000227511123307
0.000878375142841,0.000530115224634,0.000182252945227,0.000368135803524,0.000281617507165
3.53224383097768E-05,0.000881170331901,0.000508373578709,0.00013672506669,0.000357354914821
4.42470833099348E-05,0.000455215826647,0.000844008122441,0.001000951379159,0.000148947881482
0.000281202854681,0.000879132853283,0.000357705835323,0.000644191008169,6.88612395617416E-05
0.000170181348641,0.000761974387858,0.000213084086527,0.00018426123308,0.000428781983089
0.000316692766176,0.000329626251499,0.000523207046824,0.001614655750032,0.000873924040909
0.000477497733976,0.000175219399368,0.00016362588638,2.41044422232375E-05,0.000632197086108
0.00028100116751,0.001194602848245,0.000386011623673,4.03848631883445E-05,0.000662904243454
0.00114259919041,9.87708824538617E-05,0.001450631655846,3.29949871450035E-05,4.08615430357664E-05
0.000558012493286,0.00013204954344,0.000309541196433,0.000180862888079,0.000283053852047
0.000231304426225,0.002295895531629,0.001101817965241,3.6854094335399E-05,0.000291692576291
0.00094022895939,0.000488502886669,3.87836009632293E-05,0.0003013162343,0.000341718167316
0.000472077818491,6.84372091945827E-05,0.000106246587399,4.23540803113533E-05,0.000734530911987
0.000163301731324,8.62673178980302E-05,8.14376436206123E-05,0.001505423180347,0.000197399711522
0.001559311690148,0.000725693014579,0.000244747158474,0.001170486974827,0.000492862370063
7.80021455422408E-05,0.003399688391183,0.000456367036031,0.002677099550757,2.66942973644562E-05
0.000453381804926,0.001955659198197,0.001505990688126,6.20809813154028E-05,9.05935624047731E-06
0.00010649133438,0.000144813450122,0.000172503133681,0.000607321998786,0.000941900754516
4.74933178000438E-05,0.000729231540704,0.000895326109525,0.000234679173172,0.000231791801721
0.000270674581258,0.000232300189594,0.000183882299427,0.000499901455632,0.000812048423273
5.36203832537279E-05,0.000783370701582,0.002179102463583,0.000753354629469,0.000362722373962
0.001175336031316,0.000909124594541,0.000328747805751,8.53463606264477E-05,0.000183890071455
6.40440547373424E-05,9.48029491250838E-05,0.000747579694553,0.000227562794055,0.000707693776481
0.0018653658101,9.43284117580093E-05,0.000251722759622,0.00100748534567,0.000189223676366
0.000661967347104,0.000373330534075,0.000384026629588,3.88476743388748E-05,0.000884096741716
8.07369812493268E-05,0.000143446542094,0.000305016118321,0.000701658574035,0.000278858562064
0.00025377274151,0.000266315910248,0.001962607123362,0.000248057931398,3.34850574203158E-05
0.000103397927785,0.001809857900235,8.86527877085312E-05,0.000225607971315,0.000273413886922
0.000185199668096,0.000289607240307,0.000201927554271,0.000424103612665,0.000265065744045
0.001044034587029,0.00090604045441,7.2472867106352E-05,9.90514365086611E-05,3.36397471616679E-05
0.002078679319214,4.46174275080876E-06,6.268041097473E-05,0.000448777158352,0.001198916655398
0.000931953588754,0.000164755528805,0.000599787572018,0.000209670346763,0.001534841940439
0.000839384267654,0.000842235666667,9.25359611734567E-05,0.000778819676426,0.000216341807656
0.000207371130597,0.001214266682998,9.57102672949771E-05,0.000891293575104,4.28835210994964E-06
0.000151383618617,0.000174057367547,0.000134391871018,0.000516688540325,0.000345907723955
0.000221192497634,8.40267679511299E-05,0.000579468896722,2.04924024387194E-05,0.000892190901441
0.000923276887724,0.000152248150654,0.000884578906535,0.001352354852194,4.92971077292201E-05
0.000198220829272,0.000386847137775,0.000240912672664,0.000403623548594,0.000308730204701
2.42362760328921E-05,0.000294683584631,0.00096785015347,0.000345528081177,0.000135187471711
0.000111391377601,0.000297561967723,0.000152024536049,0.000286747027708,0.000370734829308
4.56786471822106E-05,9.03126685293998E-05,0.00047899458171,9.21467662769091E-05,0.000740939883083
0.000163042986959,0.000323613254291,0.000289198901595,0.000432482058932,0.000120806239344
0.000142108556799,0.000742045210559,0.000682801709884,0.000317580033681,0.000146692801649
0.000149780815117,0.000555593679351,0.000960095853768,0.000410715947174,0.000171699381685
0.000155862943436,0.000597221130195,0.00144412901854,0.000610101883851,0.000111412643107
0.000936628830069,0.000175024367573,0.000227280447961,0.000496438933539,0.003225213077051
0.000443434853111,0.000563468332556,0.000369651546661,0.000170216103284,0.000337645301967
0.000178995876214,0.00185889611178,3.93256240413729E-05,4.45994586950719E-05,0.000275081034039
0.000527717863386,0.000100945687829,0.000433956682761,0.00029791894427,0.000146919477694
0.000394430986823,0.000209613332822,0.00048176944064,0.000252408601165,0.000168487315912
0.000854168249204,0.001214238026243,0.000178080489887,0.000307018699992,4.49493250143228E-05
4.55486196301836E-05,0.009495791021984,0.000150616231039,7.11076302396859E-05,0.005824155156818
0.000144127721787,0.000604881791488,0.000549823309339,0.000106708790854,0.000153232488639
0.00030479492042,0.000163593962259,0.002372811564221,0.001736352672547,0.000712361625886
0.001348383753458,0.000438347399755,0.000207078352498,0.000152334085733,2.19194075877348E-06
0.000171800174202,6.77737398558414E-05,0.001199317058016,0.000933180177167,3.86316683486173E-05
0.000693761869116,0.000189640949491,0.00044603708026,0.000112743547739,0.000214438725768
0.000283880154394,0.000330378216922,0.000330715704248,0.000343986157943,0.000319140529207
0.000334557122201,0.00010585577116,0.000240151252029,0.000338396357093,0.000538336363179
0.000419981202811,0.000990402519122,0.000827272405926,0.000161331664227,0.00013945356052
0.000998814795654,5.41410469188256E-05,0.0009136619221,0.00101137919346,0.000337731719951
0.000134466448276,0.000578263329108,0.000448255403365,9.63915344399392E-05,3.85872975414512E-05
0.000890922110856,0.001521745422352,0.000127328060802,0.001141162739601,6.46508310430638E-05
0.000517371188833,0.000287934883394,0.000742642232714,0.000223742621002,0.000108282121271
0.000123690077722,0.00026866759479,9.24557584190993E-05,0.000409355387255,0.00046181606328
0.000387549730443,0.000370029489357,0.000688477300408,0.000118103804523,0.001188603451455
0.000532295467815,1.44261882322185E-05,0.000551081117836,0.00069264464859,0.001371940199944
0.000423578271442,0.000238406713408,6.66898027034223E-05,0.000756891568409,0.000357199312292
0.000102479375737,0.000642173420974,0.000182394168089,9.59760887570206E-05,0.00012450620544
0.001045402168964,0.000729141692014,0.000172889638333,7.31960100376136E-05,0.000103589131601
1.78104939925611E-05,0.000164433147608,0.001123354800412,0.000485841438459,0.001005557701689
0.002998903091096,4.48227463359263E-05,7.61626943230898E-05,0.000328144396769,0.000177567650313
4.84402085052499E-05,0.001145718554733,0.00209161544245,5.50308469811388E-05,0.001845602557626
0.00045166582287,8.37937991791731E-05,0.000456436941307,0.00015590827648,0.000397044866904
0.000323917461283,0.005780665512055,0.000322645564345,9.26957491423363E-05,2.36139151774749E-05
0.00014625300607,0.000872469736265,0.000603771599879,0.000495319026992,0.000289456853873
0.000326264152604,0.000129301898525,0.000222095478354,0.00035021808294,0.000199952260728
0.000179654106765,3.01438635246493E-05,0.000467760636185,0.0010008219666,0.001130865638994
0.000102590203893,0.000197573676884,0.001551298111113,0.000175797696027,0.000343280359656
2.8914743112791E-05,0.000606534855313,0.000125726819185,0.000293726155214,0.000618719538666
0.000103536402482,0.000207158860862,0.000280218438121,0.000564437534699,0.000263217618421
0.001381416245066,0.000685087054985,0.000203768147907,0.00041155799143,0.000470007725408
0.001321141730118,0.000371402578243,7.33835485525497E-05,0.000334418117889,0.000162409153833
0.000370116530974,6.54109867670817E-05,0.000260728852684,0.000685691080409,0.001819791355218
7.30645173664821E-05,0.000119636203602,0.001601263515162,0.000815960531407,0.000190177509489
0.001590370676966,0.000726892750369,6.80824882686078E-05,0.001186623492856,0.000213977516218
9.3228696770864E-05,1.83639130542301E-05,0.003389772409743,7.05933986327685E-05,0.000655139369843
0.000274857202198,0.000138266754256,7.49544972089843E-05,0.002246080972975,0.00041315730605
0.001290351036698,0.001735715992902,0.003106204671405,7.77470657213093E-05,6.40811074217448E-05
0.000167981124032,0.000472073094989,0.00050782317596,0.000556707606438,0.000312603334463
0.000462375878816,0.000413693080505,0.000385111621691,0.000170887968908,0.000914069112988
0.000169869176688,0.000367141725261,0.000147314625287,0.000262378562685,0.000167492687916
0.000206584740915,0.001143984232796,0.002855702363859,5.01426535719569E-05,0.000222323468671
0.000772467287405,0.000629520683639,0.001294888007545,3.3868058063963E-05,0.000206652346214
0.000424343355056,0.000349429933747,0.000153489799441,0.000258297269258,0.000642453025713
0.001014628698719,0.000269478881319,0.000384141029277,0.00173259712618,9.97295196764384E-05
0.000178012419438,0.000346309306185,0.000188231936047,0.000233266733439,0.000387941918647
0.00029437599978,0.000380352924691,0.000174668960409,0.000400442447967,0.000210524770178
0.000294000799216,0.000266799149732,0.000341878457557,0.000189202248541,0.000346718480965
0.000173592740658,0.000937769205735,0.000117925413906,9.93737843554714E-05,0.000404404531329
0.000840712019201,1.63584174904647E-05,0.000524547229114,0.001294511629617,0.000722191574038
0.000300165497563,0.000432086413218,0.000220205367346,0.0001229401275,0.000332575779489
0.000511976885005,0.000707755280739,0.000171153731398,0.000188751623087,0.000362320407056
5.31546959500525E-05,0.000205188836049,0.000993079315517,0.000929515678073,0.000293924202531
0.000447357472857,7.63757854862591E-05,0.000122211818304,0.000216708518562,0.000980590486832
0.000352859528811,0.000197549200453,0.000604694303209,9.99166742847432E-06,0.000638285973518
0.00032747489423,0.000770444447051,0.000159405494468,0.000455102496695,0.000263668012318
0.000329031791985,0.000161664777129,0.000282212806491,0.00025416709335,0.00010320124393
0.000239097373313,0.000897657090505,7.97023731529674E-05,3.64807645851867E-05,0.000135910636366
0.000206721362976,0.000203750288893,0.000186441651995,0.000277968418045,0.000122051603715
7.79352364751873E-05,0.00043576468151,2.05088216031844E-05,0.00075463298085,0.001255026140793
0.000108743819962,0.000112667338075,0.001089321706584,0.000410962858372,1.61934675431311E-05
0.000789482189025,0.000236196282737,0.000287295797208,0.00048903789617,0.000360436433142
0.000407648812221,0.00022198608433,0.000943464426518,8.00165391360818E-05,0.000144668378816
1.5054329737768E-05,0.001692646612293,0.002409988159602,7.79381130606475E-06,0.000148327723131
8.75290491131453E-05,0.000448581174028,0.000332327347463,0.000100989009592,0.000506091324481
0.000449478972847,4.07986599281054E-05,0.000761123346318,7.05584932909043E-05,0.000583506990053
0.000369366792291,0.00043290670519,0.000106303568544,9.42774012542312E-05,0.000450693789366
0.000174864303017,0.002643076538787,1.59105864343795E-05,6.22310652738106E-06,0.000292267831554
0.000194977839811,0.001801675982952,0.000158334499192,0.000155511312009,0.00016608725204
0.00076895397984,0.000206874159248,0.000386017572979,7.74128059357827E-05,0.000547814332583
0.000227908234767,0.000212718592571,0.001263963803191,0.000239020900077,1.97060437779356E-05
1.98017961180992E-05,0.001139170955337,0.000377687294526,1.69929208959135E-05,0.000753609237364
0.000771421389246,0.000367199579726,8.67440247665523E-05,0.000289653299218,8.28663320142065E-05
0.000516289819868,0.000281987059669,0.000417974146813,8.92545778086583E-05,6.43847275964808E-05
0.000425953454303,6.7477220050255E-05,9.98265907002302E-05,0.000310896965198,0.000624531383652
8.40390357090006E-05,0.000122614557052,0.000345331447154,0.000639478708456,0.00015763067468
0.000145455909198,0.000368209893847,0.000591389071748,0.001126584557726,7.69358299126715E-05
0.000505286300286,0.001320799850404,5.01741587356619E-05,0.001681057021107,0.00086261176577
4.18992947298003E-05,0.000159039966196,0.000472048528405,0.000321314868108,0.000898837984466
0.000465686886197,0.000273706477051,0.000725817473154,0.000199571336628,2.69062053944033E-05
0.000199838959105,0.000449606304529,0.000133421768145,6.21624006867476E-05,0.000650343253649
0.000197445497795,4.7728913282562E-05,0.001156794426529,0.000471457986146,0.000199052853762
0.000705165144435,0.001509195977262,0.001560761089477,3.04633628977646E-05,0.00053309267117
0.000559057167366,0.000127355492655,0.000488803206931,0.000229237913282,4.99497897340733E-05
0.000395176484413,0.000143585551452,0.000177510969502,0.000888644284319,0.000151771237972
0.000365495533397,0.001242530956044,0.002192399268099,0.00129330793895,0.003934037347661
0.00117385470702,0.000308370035725,4.5394168172287E-06,0.001461478357125,8.13976812290819E-05
0.000399723180272,0.000120865157501,0.000427961315294,0.000467652510492,0.000374662823495
0.000580912810485,0.00025429806848,0.000205148919578,0.000327430761605,0.000371635921802
0.000140083427056,0.000618608678792,0.001628385564329,0.001755641275686,7.70775322292359E-06
1.15270593928363E-05,0.000183340284109,0.00155083379528,0.00249337019789,0.00023435883953
0.000458079285069,7.42717632880629E-05,9.86882963894507E-05,0.00055659705966,0.000184252267747
9.70095428577385E-06,0.000331493715286,0.002655640959671,4.12448358661964E-05,0.002423253592436
0.000106000569099,0.000276066379514,0.000510552150313,0.000587855210887,0.000112793528736
0.000556318711324,0.000425529038399,0.000343235500583,0.000168481106896,0.000195657445738
0.000155788174424,3.02880603803464E-05,0.001205296580363,0.000310766560004,0.0008614738446
0.00514770925284,3.2861712599057E-05,0.000174876857175,0.00353029634911,2.31033749157407E-05
0.003966905845801,0.00093581185929,0.001791159186916,0.001451860841617,0.000142378997853
9.85222457604056E-05,0.000569436480951,0.000375118285793,0.000852675933106,0.00056285276689
0.000817952575642,0.000388449847888,0.001376152475406,0.000383591632424,1.04223933154744E-05
0.000883162316003,0.000367911107968,0.000657633765885,0.000468662975868,0.000138744767636
0.000272942654397,0.000306563445087,0.00015641228115,0.000218752078334,0.000106364591519
0.002226199454518,0.000336249235648,1.85472973577559E-05,0.000475908634684,4.65124933990252E-05
0.001194021800968,0.000282266995321,0.002103696322146,7.56837691062515E-05,8.78228682082975E-05
0.000663672465685,0.000414292693817,0.000116681764234,6.54473039836568E-05,0.00056893962938
0.000614955677444,0.000754761043545,0.000639592273992,6.00568333257271E-05,6.90031794709582E-05
0.000672979406355,8.71397079159614E-05,0.000113114473592,9.85405779807645E-05,0.000581821362758
5.64007643628444E-05,2.3958663091709E-05,0.001245303034675,0.001692037451728,3.29807408913161E-06
7.26886980258431E-05,0.001095785721762,0.000311163691357,0.000132223328457,0.000170346745155
0.000105547984981,0.000197332741129,0.001538667963264,0.000818952205378,0.000765442637862
0.000525532480693,0.000189095623395,0.000261773427521,0.00134987034285,0.000255824229027
0.000131201090936,0.001704475783035,0.000441950359859,0.000263953117448,9.93023968879183E-05
9.26760284928988E-05,0.000278150752961,0.000261161101138,0.00011422965656,0.000507893579544
6.48760492830996E-05,0.000246214142212,6.17564907428292E-05,0.001421422497887,0.000264878532059
0.005027396149485,9.30012075458264E-05,0.000276438860839,0.002806088660548,7.64756630383913E-05
2.93509453742595E-05,0.000405634398156,0.000228836509666,0.000710746083783,0.00014213446573
8.32834132505045E-07,4.528694697363E-05,0.0014015010109,0.001098507932733,0.000502327937057
7.94452244438438E-05,0.000261063093144,0.000144398205946,0.00083682655986,0.000581974376418
0.000512291142694,0.000148797862534,0.000679835732186,0.000111115310997,9.99884821818E-05
0.000132734147166,3.58178051094827E-05,0.00118648364904,6.58717441045143E-05,0.001227839123329
0.000565956449187,0.000771305695398,0.000296717613074,0.00145877504178,6.56696323434931E-05
0.000536037488786,0.001051545786921,0.000316981450297,0.000408444281556,0.000773927569762
0.000237159510023,0.000520321529691,0.000340734783345,0.000669426846444,0.000328081832129
0.001050686819328,0.000128030326087,0.000383327475755,0.000585240677738,6.1592793763223E-05
0.000298825208268,0.000670338262275,7.07626316529508E-05,0.000335960522117,9.9934647717541E-05
0.000662876524484,0.000578282888085,0.000101930335121,0.000170851465849,6.37843811446809E-05
0.00023763823334,0.000942638374622,0.001123231612988,0.000323075258936,0.000218774537184
0.000583340450763,0.000324920420165,0.000180990791779,0.000296405805861,0.000406937657611
0.000315509581551,0.000227388310039,0.000272258454108,0.000317115690148,8.12939221441364E-05
0.000449187332101,0.000472462025556,0.000180203197611,0.000449933656779,0.000380559796251
0.000277433824864,0.000297602055514,9.04524983217312E-05,0.000450908899473,0.000238250748094
4.26987206732738E-05,0.004715544703862,0.006728367026169,9.30445394360981E-05,0.003252031762175
0.000423665015278,0.000204873608559,0.000130208683857,0.000129231088326,0.000797715065537
0.000349276032281,0.000394857944439,0.000718384822702,6.4252305240233E-05,0.000107623421422
5.99054226382656E-05,0.000565903778218,0.000219441150031,6.55044862907874E-05,0.000310220512164
0.000189013543095,2.98306264035739E-05,0.000353982242567,0.000679951229632,0.000474585219415
3.45983565062542E-05,0.000150343885148,0.000670286524486,0.000705113593908,0.000488352032741
0.000901680430026,0.000794835549702,8.02464147579232E-05,0.000201285441418,0.000418104255816
0.000130738399191,0.000104513183334,0.000371634113977,0.000293250924288,0.000286796256985
0.000530376395136,0.00040190214884,0.000161577443002,0.00035022063995,0.000378867890788
7.84030496090061E-05,0.000402545032472,0.002283953901891,0.000140018013404,0.000974551268664
0.000795341062918,0.000257395241137,0.001110879552603,0.00020833316027,0.000423547263632
0.000632657539924,0.000416278875407,0.000183455140743,0.001664171252134,0.000311593527804
0.000237290189107,9.68507403264129E-05,0.000226543207485,0.000839099639304,0.000264842769039
0.000566846895035,0.000522561810252,0.000406449470582,0.000765830191583,0.000151841009183
0.000101344397761,0.000954325509032,0.000648449671162,0.000452632534963,0.001477190652512
0.000172051525269,0.000192751550892,0.000566257892026,0.000134470747596,0.000351005421513
0.000385316531708,0.000293697465574,0.000238918063869,0.000135423878825,0.00037870796185
0.000433101579497,5.84823008480241E-05,0.000167817272516,0.000118212711387,0.000592851844095
0.000713095342626,3.59097679303188E-05,0.00054946337096,0.00065396132378,6.45164777307704E-05
0.000111592240619,0.000444331987137,0.00056587478327,0.000177313236503,0.000235627680396
0.000320706322201,7.09955192591031E-05,0.000646581617656,0.000303979169283,0.00050035682765
0.000317794870474,0.000638600861814,0.000480685316603,8.82845961581457E-05,0.000233142847638
0.000672713914278,0.000797634293223,5.27146684340527E-05,5.27472842527017E-05,0.00059469028533
0.000341097603724,0.002966210491935,0.003335413799026,7.46251086483093E-05,0.003377828210365
8.44617441716419E-05,0.000170106853054,0.000330247675764,0.000884197681888,8.64130538458519E-05
0.000404896728565,0.000233698466982,2.6075003091545E-05,0.000922896116705,0.00013025474361
0.000235709894516,0.000885014614877,0.000308884608654,0.000277927351951,0.001078417451167
0.001178211488539,0.000142657619843,0.000830261385791,0.000176496909766,0.000306675840072
1.96335299721378E-06,0.00046567237127,0.001886011847672,2.76875352485773E-05,0.001148103269174
0.00044979502872,0.000335777046356,0.000101884935553,0.000131495832375,0.000150454890795
0.004237560250132,0.00019896019597,0.000103270397247,0.001355650081597,3.90758882148745E-05
0.000201293611515,0.000660522966349,0.000231728982129,9.32590057634416E-05,0.000397525702242
0.000237882537174,0.000107739863265,0.000457831427083,0.000334485155517,0.000413802915915
0.000307693808855,0.000814038528818,2.5531761447715E-05,0.00018764389388,0.000134482124331
0.001777110118137,0.003614270917637,3.76128018378975E-05,3.80267906384045E-05,0.000528137587161
0.000102504205438,0.000213044760985,0.000202028432094,0.000200111815123,0.000567721196331
0.000307480265998,0.00027039347653,0.000634063175677,9.51076975387256E-05,0.000142757101607
0.002129549772975,0.001008091700259,6.21895700508707E-05,0.000218436633147,0.005014139251604
0.000217643478436,0.000399173709112,0.000530187568781,6.38850295197609E-05,0.001014317144242
0.000136855627779,0.0003080521235,0.000746545479939,0.000158839951658,0.000272798722077
0.000599798767163,0.00123953229255,0.002021340259847,0.000809758868172,2.22818517780159E-05
0.000239358439198,3.46523003935334E-05,0.000251921101548,0.001626867777438,0.000639818855714
0.000332311778481,0.000264935410598,0.000444665445187,0.000154233828316,0.000362468124922
0.000121312176399,0.000795549486288,0.001008556828807,7.63272788942177E-05,0.000774249894725
0.001443525426879,0.000150790147451,0.000743264628048,0.000574378863386,1.88031480656424E-05
0.000130166080618,0.000902928007653,0.000734636108887,0.00049604925711,0.000183013564875
0.000190027115475,0.000742246195846,0.000134402008871,9.2801966355609E-05,0.000258033728058
0.000665001313278,0.000110431312247,0.000673375625195,0.000273427547584,2.43436037723123E-05
0.000836772354396,0.000409442611445,0.000326762487491,3.25483034629743E-05,4.76148321029454E-05
0.0005118637211,0.002739295302905,4.57299772303534E-05,1.72679074939589E-05,0.000356857392506
0.000710348925255,0.000113144824051,0.001084897157693,0.000316609679295,0.001020846623948
0.0004805846429,0.000862015564145,0.000260884353654,0.000699964687119,3.04484329033483E-05
0.00028561180706,0.000679257634821,0.000548505549277,0.000258583462388,0.000167933770947
0.000464366236184,0.000368896302113,0.000142171877144,0.000136566995299,0.000295185345587
0.000807603988389,4.06021373311558E-05,1.400742806253E-05,0.003957532585395,0.001476050149659
0.000123309812341,0.000395921298781,0.000249504735894,0.000599164028081,0.000315346967404
0.000536727893134,0.000441081898303,0.000276273462746,0.000503404330187,0.000387646003044
0.000168053068906,0.00012015038294,0.000623328499549,0.000291651734603,0.000292010115798
0.00063540292402,0.00039150871914,0.000434415177285,0.000258097603421,0.000101597639849
0.000134777388493,0.000288403823281,0.000717784963078,0.000170805185687,0.00027594738882
7.53847284198282E-05,0.001093298356121,1.94482602617817E-05,0.001376697173786,4.22267667669421E-05
0.001562371387862,0.000195707139284,2.44621418546154E-05,0.00198231358457,3.00202729428069E-05
3.00176690416971E-05,0.000189336643403,6.36647228175888E-05,0.00122672481463,0.000297011362762
0.000436756365951,0.000165142432277,0.0003943365389,0.000402053209997,0.000305618212219
0.000820541408499,8.94638614338124E-05,0.000887740143675,0.000206238787401,9.83940552112281E-05
0.000280588650668,0.000177479419906,0.000202753560183,0.000713606675812,0.000510851281442
0.000535615793768,8.52111037670283E-05,0.001262875531956,0.0005813137438,0.000614780700457
0.00019339180949,0.000674693953446,0.000249139722099,0.000218812541132,0.000315735000631
0.000195588743466,0.000514674528921,0.000209414454362,0.000176633170532,0.000229112008172
6.7667909947732E-05,0.000800863814423,0.000138987162367,0.000265302270497,0.000491245339082
0.00011282736179,0.000271729209365,0.000311010265947,0.000229634237362,0.000556437523508
0.004245558590258,8.61196515987496E-05,9.04569287531426E-06,0.000387311762313,0.000193928115215
0.000270439275071,0.000580832785416,0.000264259216043,0.000209751331053,0.000240618766058
6.91595500031205E-05,3.7626261149949E-05,0.000303737653304,0.000486741267224,0.000843119859626
0.000108791313824,0.000926135983257,0.000133811505803,0.000207653955153,0.001172830385818
0.000981831904927,0.000305152738058,0.000267356268955,0.000103957099381,0.000159420311033
0.000121562816725,0.000128600096057,0.000168639481342,0.000496336579002,0.000391474833208
1.6251388447711E-05,0.000147931064273,0.002971097028388,0.000562464417791,0.000723720603411
0.000935937273682,0.001287599759736,0.001076127568837,2.91370872176215E-05,0.001875229021814
0.000573540604266,0.000706300990024,0.000192732085683,0.000238426564635,0.000320519913596
0.000696222882682,0.000115073890586,7.06842334350535E-05,0.000451699426131,0.000544392308095
0.000175012030076,0.000223485901559,7.36302092332244E-05,7.60653544198062E-05,0.000869012016793
8.34225876414031E-06,0.000501561676911,0.001615464687432,0.000237907941823,2.83495151064997E-05
0.000106092397003,0.001649931161138,0.000259950932073,9.52210153442088E-06,0.000168324466957
0.001703391525344,0.000202658960337,0.001377023682456,0.001495831237925,0.00031091553941
0.000370299112225,6.28719996326522E-05,0.000400780251054,0.000619329823573,4.02123153523872E-05
0.000245788891394,8.3772894157515E-05,0.000484714755442,0.000580640364953,2.03936074062141E-05
0.000666622000967,0.000529503123472,0.000362761306083,0.00037552030024,7.41759733984499E-05
0.000264439611902,0.001442600678449,0.000661555745915,0.000353327399125,0.000270675701484
0.000259211176222,1.39678194477909E-05,0.000708394222859,0.000398220044819,0.000216500186935
0.000653147972186,0.002795472483754,0.000251322583192,0.00013975191723,2.52570457171294E-06
0.000550414072736,0.000485875229624,0.001439770713711,0.001203936756157,3.82052107074E-05
0.00035175781771,7.52033998445527E-05,0.000108073643532,0.001354484040295,0.000358415618907
0.000938243556797,2.17806018371732E-05,0.001656513387542,0.000491692416081,3.15555442104684E-05
0.001100184986923,0.000658779140371,0.010052449627317,0.006922973463325,7.3677515431959E-05
0.000477764174538,0.000260388883091,0.000547354334214,0.000326295840677,0.000629980013751
0.000484728148215,4.69211043657559E-05,0.000223517044202,0.000627158133897,0.00129140148501
0.000233997806187,0.000189537111417,0.000155440181446,0.000280265649174,5.95274102639562E-05
0.001308774299605,3.46603549478786E-05,0.00114240700588,0.000410769702582,0.000345096150294
0.001486087537825,0.001557340659996,0.000588519557391,6.34344985897049E-05,0.000999598553194
0.000138317326621,0.000358292812071,0.000298118205235,0.000240745709844,0.000404904928464
0.000459284196564,0.000454730354576,0.000316424982563,0.000231794112463,0.000215260488473
7.42965658611472E-05,8.53040427725596E-05,1.67771025659734E-05,0.000599186278909,0.002083996389179
0.000292778196105,0.00127188329723,0.001567445084442,0.000378182706172,1.3400429267004E-05
0.000809333863714,0.000176198551813,0.000208156842887,0.000109261862987,0.000780166710607
0.000345847741924,0.000463570112566,0.000199014188601,0.000318618228276,0.000169436475753
0.000406562389724,0.000161101361991,0.002288177227053,0.000335976544076,0.000111182719151
0.000387095097624,0.000163315598251,0.000544696674245,0.000294997996875,0.000357604366711
0.000441026901912,0.000200004544769,0.000164477308229,0.000341351901856,0.000239214620237
0.000191182605143,0.00021366549475,0.000319988932755,0.000295143528603,0.000350056408407
0.00051844142572,0.000978412149026,0.000830390571818,0.000151150740898,0.000176666298089
6.18119652216837E-05,0.000600087066155,0.000721297973732,0.0005644982456,0.000192894376479
0.000245619220817,0.000171055432525,0.000644552732495,0.000309844970531,0.000408647869291
0.001015860442464,0.000120603986018,0.001251636003044,0.000455589508245,0.000134069279404
0.000161080344056,0.000238031243705,0.001103247759133,1.70956246022714E-05,0.000216016683135
0.000587796267213,0.000325670290821,0.000166027861429,0.000138964411188,0.00085352166095
0.00012971240424,0.000679360036913,0.000782701460126,0.000371678211449,0.000438235165437
0.000179204194645,0.000292934150977,0.000287955265196,0.000393666675129,0.000404109932155
0.000552683905729,0.000241136611759,0.000140348430234,0.000158208915473,0.002347409990711
0.000841928783448,0.000109912322239,0.000268118350722,0.000999797960632,0.000179998574954
0.000283171467087,0.000184439982647,0.000610263016569,0.001585803305678,0.00023600464456
0.000818726498354,0.000128969194673,0.000312835817526,0.000230790824782,0.001197065566754
0.000376302532816,0.000225660363833,0.000180531986157,5.77796730724406E-05,0.000796315283352
0.000861221154079,0.000526051173828,0.000459954102628,0.000488613626226,3.41320125355807E-05
0.000265480475413,0.000633606490241,0.000229231460106,0.000189371528544,0.000280802388459
0.000277453914547,0.000198929784264,0.000609567732267,0.000378388765222,0.000430332900522
0.000270493919201,0.000561958091301,0.000240655878586,0.000223757256984,0.000211642910667
0.000252558990413,0.000529771311698,0.000440383874551,0.001670233199459,3.39720057426668E-05
0.000229240771825,0.000171348195306,0.001220403490367,0.000545396105986,4.53816324783405E-05
0.000104728001568,0.001661277738505,5.8506992348264E-05,0.000841137775905,0.001164125159136
0.000338626260743,0.000189627925004,0.000305986020171,1.9053622351997E-05,0.001002520914935
6.12735116742644E-05,0.000224106938096,4.01448426103982E-05,0.000796603357715,0.000260397009401
7.34853482328156E-05,0.000897724873587,0.002674234124222,1.83808536002077E-06,0.000212011457184
0.000906961245809,1.79786300347271E-05,0.000704491692335,0.000244491403198,0.000436567983609
2.8138562859264E-05,0.00118542862191,6.63104654300216E-05,0.002622019092355,0.003235668178211
0.000613683217498,0.000357595916875,0.000406038896979,0.000380756613746,0.000100327615905
3.78564418663425E-05,0.000570282318806,0.000256075243534,0.001486999676903,0.000317454314678
0.001317009575666,0.00016431907316,0.000177233542573,0.000673819321582,1.09880209021167E-05
0.000258654340015,4.67441437335481E-05,0.000192709284874,0.000483860328461,0.000269191019191
0.000101770493455,0.000869952644192,0.000416364842036,0.001229326886518,0.000167305199707
0.000448719242572,0.00019815573618,0.000650072652614,0.000758885809022,8.43640390347746E-05
0.000333952805355,0.000245651155458,5.92972471740886E-05,0.000404770994371,0.000137315068244
0.000563452219583,0.000455852264942,0.000515152320576,0.00014659952929,0.000153891653579
0.001166684476098,0.001360134152386,1.55008968029796E-05,0.00029532015183,6.72315578166481E-05
0.000210879984394,0.000878279906025,0.001716999995191,7.8605959052265E-05,8.2480349717094E-05
0.000787576862777,0.000303542232426,8.19974556729204E-05,0.000131199056479,0.000226723175287
0.000712774451626,0.000492695279099,0.000143361631667,0.000533411063209,0.000244296973597
0.000619055827922,0.000910405422376,0.00013151778415,0.000545960145753,0.000389846479585
0.000283719588417,0.000249877345741,0.000908380234,5.45163972472083E-05,0.000429732741361
0.000428756546235,0.000611024503514,0.002590891559986,0.00025980388073,4.23939473929661E-05
8.10420410935743E-05,0.00039969827537,1.56997701192065E-05,0.000736569825998,0.00073414412952
0.00022866501422,0.000221496694792,0.000885954101802,0.000513512099629,0.00066695407585
0.000517436704703,0.000270753904004,0.000542565680787,0.000879263425485,0.000330723544674
0.000445493811261,8.9879206181676E-06,3.39198171233008E-05,0.004334082920486,0.000344753065374
0.000112354147951,0.000363739017011,0.000521569788016,5.24659167501357E-05,0.000252475529416
0.002871322920819,0.000543706964643,0.000149037873784,0.000139439029424,0.001096622201689
0.003024907024142,0.004221255513044,4.47620386803408E-06,1.03892647146385E-05,3.9684653945514E-06
0.000574460981243,0.00192108453298,0.00037626930721,0.000139022110496,1.15887091598269E-05
0.00067780753404,0.000187968899451,0.000345954395837,0.000222865158233,2.27756370436469E-05
0.000303310793679,0.001365463965177,5.01794104217855E-05,0.001153090531636,4.76277177216355E-05
0.000799352829279,0.000105603529814,4.75109297111091E-05,0.000815732360472,0.00012494771029
0.000783034061861,6.91572090850683E-05,0.000124479799488,0.000245525242844,0.000186232485103
0.000902223651337,0.001298390664382,0.000352535883277,3.15435286205918E-05,5.6096342172742E-05
0.000499112922451,2.94765920302636E-05,0.000512219008782,0.000270832865702,0.000197650319813
0.000123340767842,0.000821019256583,0.003832501956082,6.19712410543117E-05,0.001350286363601
0.000829968674824,2.83733383703683E-05,0.000326122690797,0.000381104724814,0.000121682835162
4.31009745646051E-05,0.000317672563781,0.000478125731281,0.001132819069063,0.000265223867402
0.001245002543363,0.000225915242442,1.34110036992112E-05,0.002566248696604,5.09625105740385E-05
7.64623690046454E-05,0.000774211420752,0.000755800697842,0.000600345609127,5.47033663315375E-05
1.23891725056964E-05,0.003907160693439,6.96937382263037E-06,0.000490936556071,2.11706551552895E-05
0.000554975763243,2.26551445506874E-05,0.002449100802871,0.000126356924246,0.00042878039566
0.000352066138729,2.55414370257318E-05,4.82910040916257E-05,0.00037678258232,0.001569405602141
0.000163709407504,8.64234450824212E-05,0.00078736968455,9.52587761285405E-05,0.001715696882339
0.000188200512095,0.0002239126469,0.000127602550261,0.000720929311499,8.3896410828268E-05
0.005321404371577,1.49784933458589E-05,0.000128586419006,4.61194197493917E-07,6.99707889799117E-06
0.000768126902986,0.000124017411464,0.000576007025784,0.0002272585511,0.000241021890703
0.000130231464151,0.000274521380316,0.001231454826977,0.000865499585305,9.16654627727813E-05
0.000840500413532,0.001848957601759,0.00043675161735,0.001333545940743,6.08539588137645E-05
0.000200589479971,0.000135491895604,0.000267643350139,0.00117692059625,0.000467495821736
0.006999183719298,0.000775593024159,0.000164192774426,0.002437508550884,2.20762505938733E-05
0.000484289203012,0.000338707728672,0.000520083582477,0.000582771193006,7.44049363373851E-05
0.000140579142151,0.001289125292271,0.000994810858001,0.000115954611318,9.1086511146935E-05
0.000173291638011,0.000289945363583,0.000454187633084,0.000190842297896,4.91258925819341E-05
7.79667375341449E-05,0.000482659861226,0.000468620033644,0.00021897506727,0.000347195770461
0.001719175839927,1.18055442413823E-05,0.000191525297156,7.41337362690566E-05,0.001491300209861
0.000322692891316,0.000684189839412,0.000284746115081,8.94541524559778E-05,0.000253310332677
0.000141580819253,0.000889083875367,0.000510085206503,0.000421329779155,8.6242423587196E-05
0.00062703816042,7.02070658668649E-05,0.000296384083308,0.000405233754763,0.000201571110203
0.000310625672512,0.000225485181037,0.000463622522727,0.000449476450531,0.000178445056825
0.001037393051599,9.9595496330842E-05,0.001751936882366,0.000226042393027,0.002551762074553
0.00122761719974,0.000370377654833,0.000450049417991,0.000205002302625,7.69022627727667E-05
0.000735995456193,8.85709537770806E-05,0.000177158148969,0.000176110129473,0.001190217364382
0.000416028267682,3.38026064110867E-05,0.000630600306275,0.000420739087779,0.00056810150618
0.000763343103587,7.93354504659989E-05,0.000214175514736,0.000492752613796,4.50907043050033E-05
0.000117777573113,0.000154850489822,0.000305085037929,0.000195120877055,0.00047057450489
0.000364878583229,0.000128084338019,0.001355126504555,0.000515744394063,0.000214363493132
0.001174646103305,0.000186666563101,0.000585698577322,0.000304721527472,0.000135055992308
0.000393838201988,0.000199829128332,0.001173118688629,0.000210912778236,0.000246077340468
1.79417531379004E-05,0.000474426333377,0.000175319677661,0.002291831555941,0.000971697144584
0.000377821095963,0.001729979672429,0.000373870336871,0.000105949952438,0.000153547785658
3.45545260550793E-05,0.000307374185453,0.000224968796815,0.000347125401054,0.000165269822666
0.000276486163097,0.000663499067604,7.31898835735334E-05,0.000251475960501,0.000593000692429
0.000662510434156,0.00039539091692,1.88017896613808E-05,0.000379798909709,0.000206475505659
0.000436244123903,0.000317110546593,0.000134303099002,0.000506246893602,0.000213107543701
0.001144501440237,0.001001059898553,0.000104644941486,0.000147630335425,0.000109349297684
0.00011459823954,0.001577719704832,0.001360977636507,0.00052566096826,8.81433515980641E-05
0.001130434668324,0.000609873323383,0.002146171454202,0.001221397291838,0.000302711605039
0.000302918533051,0.001864092825511,4.45185690244826E-05,3.73444020978E-06,0.002973068666553
0.001003799728237,0.000282063289639,0.000175873128576,6.64930373576346E-05,0.000555580402447
8.95844810439673E-05,0.000768110444456,0.001180467634566,7.75835836584025E-06,0.000354434983755
0.000223075095887,0.000370000374062,0.000572943921323,0.000118399716816,6.65347759087798E-05
0.000110550029089,0.000482371259454,0.000834307415787,0.001349986440694,7.02882743398238E-05
0.000864748238771,5.73698650828457E-05,0.000381460898531,0.000641162469555,0.000240259061663
0.000280239815225,0.000787263824668,3.87171147032788E-05,0.001274393553485,0.002402174112853
5.37659979108649E-05,0.001174228516597,0.004998009828075,0.000114950862151,8.92826478591932E-05
0.000565408382662,0.00031419577769,0.000243247016084,0.000251394288783,3.70433581312909E-05
0.000201381895214,0.000148219223223,0.000384128391257,0.000832181434227,0.000128687502321
0.002717164897873,0.000726791907642,3.29451308391033E-06,0.000712277769576,0.00159834624977
0.000167227982681,2.87646175926446E-05,0.000215971913747,0.000346390578015,0.000520131101191
0.000577975052016,0.000831934640316,0.000227031823173,0.00012606720398,0.000960322884411
0.000419006107758,0.000201127037944,0.000307356863929,0.000518085653962,0.000299152850362
0.000157047838062,4.28364781835896E-05,0.000186125818723,0.000318171111733,0.000443840218384
8.17385457982901E-05,0.00027809842001,3.31041831166083E-05,0.001192434654308,0.000255287646326
0.000316553098087,0.001150794257445,0.000168726906356,0.000329641717012,0.000597271031285
9.1355234255457E-05,0.000330457847913,0.000501964469759,0.000334278920673,0.000200991922681
4.37816737620399E-05,0.000648645907793,0.000721972388212,0.001684175040201,0.001045914109694
0.000433517678395,0.000306941706986,0.000565648452075,0.000542141839272,0.002446314147577
0.000349401489834,0.000826759993658,4.96526917654646E-05,0.000397487093034,0.000219447033185
0.000622701863258,0.000205586783661,6.72158291373516E-05,0.000893796733034,0.000357152109619
0.003042189668304,0.00145538192905,0.000306904677303,0.00241590408162,0.001296350920251
0.001245897818054,0.000216159383291,0.000448174881777,8.23356676133388E-05,0.000930052012593
0.000296810175919,3.59295400909425E-05,0.000469651638767,0.00060321241518,0.001342536289932
0.00033701712074,0.000252969701969,1.02204218690636E-05,0.0011952072818,0.000700864048243
5.13662528146514E-05,0.000189831998845,5.25818818753273E-05,0.00049675200236,0.00094570258062
0.000246923086182,0.000431031411621,0.00036302267456,0.000414394097511,0.000624587795121
0.000738966013799,0.000732045063772,0.002537636397174,0.000183159608794,0.000279935573229
0.000553523388567,0.000578035953604,0.000453443633982,0.000248151584456,0.000199113577768
2.67929091466656E-05,9.29514528195473E-05,0.000878682154283,0.002315072613587,0.002432729854675
0.000110622847227,0.000147076867696,0.00044995245929,0.000172805222601,0.000376515715904
2.53248111466442E-05,0.000138775361073,0.000855997539974,0.001484497073405,0.001273842733836
0.000433990443097,0.001283052352397,0.001111462165449,4.43334373482027E-05,0.000134832388063
0.000661448922334,0.001608232676439,5.85774734777497E-05,0.000140412117954,0.000551993417594
0.000156109764095,0.001216873579737,0.000189350805043,0.000815292846052,0.001270235021556
0.000571356196811,6.0764031712543E-05,0.000191178015465,0.000186272072029,0.000635988606363
0.00040764859137,2.14536350110252E-05,0.000148249413848,0.001110760170136,0.000138376957774
0.00519491594538,0.004049713075101,5.83713148966987E-05,7.01044380102213E-06,0.000380816437233
5.9749465931205E-05,0.002697536765975,0.000306069517992,0.001866048850583,4.85443437157907E-05
7.71096594261299E-05,0.002523220623933,7.83764637960796E-05,0.002954561404498,0.002366383124353
8.24985342524945E-05,0.000546657693782,7.15306496449175E-05,9.68572196192238E-05,0.000438049667136
6.66927593763752E-05,0.000468782172805,0.00040010215231,8.83883662257859E-05,7.4929070306535E-05
0.000191210072649,0.000198045115645,0.001000993127249,0.000210689840764,0.000141633920595
0.000290299355783,2.01756571593599E-05,0.00067702913783,0.000434877387599,0.000798378091839
0.001321059933532,0.000506183233093,0.001823157389158,2.48387221297935E-05,3.11300562189774E-05
8.34965134584651E-05,0.000196038023671,0.000244443888636,0.001074538865553,0.000461527839894
0.000154330860846,0.000767296866601,5.64658124910334E-05,0.000293721892478,0.000706058152894
0.000394992291779,0.000819811732144,0.000315526980964,0.000413784819498,7.25447035087914E-05
4.08039719715145E-06,0.001508293589931,0.000124308237044,2.66285166207288E-06,0.001874001779435
0.000394352338681,2.38157600093301E-06,0.001087726586569,0.00027734289092,0.000219300832747
0.00061792196594,0.000246180708623,0.000833749152303,7.97129852662854E-05,0.000378995061778
8.36717284361003E-05,0.000166233635685,0.000459844399767,0.001269691811853,0.000103645907578
0.000252177634189,0.000286940253761,0.000186118780152,0.000974240308302,0.000134524493701
0.000289020204645,0.000476417062708,0.0014192402943,0.000766806255742,0.000706370959426
8.99119746200458E-05,0.000477510857988,0.000270521640175,0.000215360344663,0.000485983213395
0.000204178941265,0.00044528916932,0.000221641159259,0.000679949430309,0.000569903626795
4.05329639531985E-05,4.06364506675699E-05,0.001289162660572,0.000160760870241,0.000588567643633
0.000265761720594,3.02529276979662E-06,0.002943840098231,0.000102209560045,0.001220527524224
0.000831446587412,0.000563840506284,0.000190347167674,0.000275051057572,0.000426865643265
1.27793342909661E-05,0.000175064196686,0.001921469295245,4.14644012333416E-05,7.52710877268542E-05
0.001457013596803,0.000684856608138,4.84422142587785E-05,0.00182330846605,0.00047706401292
0.000177134508696,0.000203769583381,0.000804752113793,0.000350332331895,0.000765433314664
5.03033189323554E-05,2.27198859392601E-05,0.000399609794891,7.34675697984471E-05,0.002196967407183
0.000479304070911,0.000239285581729,0.000329288111233,0.000105759430429,0.000192671183051
0.000460102667615,0.00021038664266,0.000141340724118,0.000356491746282,0.000270134769753
0.000202487915083,6.91062988934278E-05,0.000456247117374,0.000276669234553,0.000456591308544
0.000214677102131,0.001289856462118,0.000311034949036,0.000887349462966,0.000908573338006
0.000659939982434,0.000943097772826,0.000385201818959,0.000195013144918,0.000349149805268
1.92216205132407E-05,0.001180693090507,2.23274243833097E-05,0.004182056989388,0.00244998341547
6.91275794888126E-05,0.000733888965847,0.000355488211736,8.06213879955912E-05,0.000439979027432
0.000101424325496,0.000266612170425,0.000120748704538,0.000491009056444,0.001086506449978
0.000252836725294,0.000565319207946,0.000405299168205,0.000356023259222,7.75691808824091E-05
0.000433831120202,0.000117429887462,0.000218832167528,0.000657216581804,0.000144778035589
0.002162855476234,0.001898574885706,0.000108183685413,0.000117836986956,0.000143683317038
0.000905211506984,0.000147297803795,0.000431404924925,0.000205182579144,0.000294090344876
0.009601908649387,0.004574099455189,2.00324788967217E-05,0.01240004760094,0.009229870484365
0.000113743493343,0.00032018851853,0.000120375953312,2.00762610913656E-05,0.000978385428034
0.000185389165031,0.000814600220813,0.000424053631857,0.001389795434103,0.000392326302855
0.000147403268842,0.001505927162309,0.000485217825827,0.00056133986257,0.000746702499024
0.000133216082406,0.00055791616259,0.000135224232186,9.2925099939586E-05,0.000656454108746
4.32372725700186E-05,0.000698881472943,0.000248607821489,0.00058040261633,7.16130460287787E-05
0.000357177836684,0.000169753050431,0.000275961719469,0.000149816217265,0.000473455076358
0.001984418736516,0.000698535342121,0.000934888617476,1.11920740271322E-05,1.54198289782717E-05
0.000612822761591,0.000834822066354,0.000313641369838,0.000188083858064,9.35783973080579E-05
0.000194153173083,0.001346390908158,5.9665695899353E-05,0.000505355721342,0.000864095624042
0.000762428078277,0.002267796387032,0.001539167230369,0.00010726097181,0.00164065988053
0.000389482703826,1.53163719459318E-05,0.000525564728796,0.000210656281645,0.001347515461861
9.25953867806712E-05,0.000210344858159,0.000798118268027,0.000629384382023,0.000111681259675
0.00061738332813,0.000165350688059,0.000135317312995,7.13373829966979E-05,0.000195908477167
0.000153040791694,0.000516602273864,1.70060486982835E-05,0.000242313806306,0.000480248990421
0.000132872107302,0.0003180058824,0.00051856493966,0.000258457522911,0.000435638856941
1.14028977399867E-05,0.003159283096607,0.00282419603694,4.77080058507301E-05,0.00048927478238
0.000492117061963,0.001852770504989,0.000370869893978,0.000123004192919,0.000312420973022
0.000619991158926,0.001032257042601,0.001266717768749,0.00073403725189,0.000110192679569
5.96243886741792E-05,8.37233303345255E-05,0.00015634137182,0.000765747512301,0.001303068584487
3.88059090864822E-05,0.003246416688511,9.31915537379674E-05,0.005912042527051,1.3269194108754E-05
0.00092382382927,0.000271141303276,0.000508547078384,5.60444171324855E-05,9.35628260912805E-05
3.28721994824271E-05,0.00104263275645,0.00013434531561,0.000216393515682,0.000199571402285
0.001960375680398,8.4983864760143E-05,0.001936234838449,0.001197035141111,0.000262523042262
0.000115804160862,0.000612918294236,0.000651183530607,5.51325076211323E-05,0.000465372676834
0.000276554857174,0.000236137139459,0.000516815148353,0.000206940555189,0.00010275214749
0.000810541003261,4.94064893547164E-05,0.000150290908352,0.000228758048205,0.000483159043613
0.00025620858786,2.37119078193073E-05,0.001345512619402,2.64584839257527E-06,0.001176456666618
2.87114784477115E-05,0.000933877295371,0.000295789708443,0.000280379142982,0.000318814515082
0.000641143941523,0.000273806917285,0.00023486001071,0.000183200082462,0.000756065827918
3.28086542896479E-05,0.000943149445627,0.001891471044894,2.42718732314353E-06,0.00083190220839
0.000163945229332,0.000205873335076,0.000677009488523,0.000426301027791,0.000371129679158
9.59709308083266E-05,0.00026547935869,0.001156244260096,0.002639955995737,8.61044216714628E-05
0.000501653167298,0.000391596705542,0.00029090232908,0.00012785596158,0.001084377989534
0.000991696633333,0.000116321395756,0.000399638258908,0.000138216547013,8.34426782327283E-05
0.000728538041942,0.000125551162956,6.26719628788124E-05,0.000122052122185,0.000640032663464
0.000115905876998,0.000962722818675,7.94084409444259E-05,0.000433691345891,0.000213329341351
1.15379111733948E-05,0.000732857517887,3.4645380004036E-05,0.000473491596313,0.000336492119521
0.000983649666455,0.000644235014037,4.62757148376905E-05,4.444534209016E-05,0.000541409625808
0.000112892449491,0.000749633166417,0.000177708287538,0.001143548946568,7.07127995142368E-05
0.00135232323362,0.000594250386209,0.001539379171415,0.000200523146137,0.00014260958663
0.000783735933968,0.000128122843236,0.000134181592343,0.001413424891246,0.000157765848205
0.000275614114141,0.000246735820698,0.000250822673598,0.000593760954175,8.5148707626486E-05
2.48420870111973E-05,3.07158575116486E-05,0.000335779519113,0.001042481551285,0.000324202959265
0.000586717223035,0.000160468021224,0.000539759060004,0.000283390184718,8.70782849027086E-05
0.001379258528617,0.000687975285849,0.000291338804874,0.000224803276827,9.98507922495222E-05
